ASV,MannWU_stat,p_value,Local_left_colon_pos_mean,Local_left_colon_neg_mean,Local_left_colon_pooled_stdev,Local_left_colon_cohens_d,Local_left_colon_cliffs_delta
Bacteria_Firmicutes_Clostridia_Monoglobales_Monoglobaceae_Monoglobus_NA.5,7292.0,0.003827028472357827,0.0030815748279944227,0.0023168858755563265,0.0019399047021936035,0.39418892668975025,-0.2576750603656433
Bacteria_Bacteroidota_Bacteroidia_Bacteroidales_Bacteroidaceae_Bacteroides_intestinalis.1,7015.0,0.005034929273754598,0.0008411607118996459,0.0003201501847473086,0.001741962138515468,0.2990940592981843,-0.20989996550534668
Bacteria_Firmicutes_Clostridia_Christensenellales_Christensenellaceae_Christensenellaceae-R-7-group_NA.76,5010.0,0.006896039841192479,0.000141414876786708,0.00023276786693262138,0.0006141064983225717,-0.14875756956723885,0.13590893411521215
Bacteria_Bacteroidota_Bacteroidia_Bacteroidales_Rikenellaceae_Alistipes_shahii.2,4458.0,0.006938889989925982,0.0012200634672976704,0.0025061329885901875,0.0035422195051470844,-0.3630688384567278,0.2311141773025181
Bacteria_Bacteroidota_Bacteroidia_Bacteroidales_Porphyromonadaceae_Porphyromonas_NA.22,6761.0,0.007203426961290006,0.003820790417314649,0.0010384550646741618,0.020958761400284402,0.13275285211285112,-0.16609175577785443
Bacteria_Firmicutes_Clostridia_Lachnospirales_Lachnospiraceae_Anaerostipes_hadrus.1,7169.5,0.007936567076202983,0.0026838969178232617,0.001967821177206055,0.0015972628093335,0.44831428894034536,-0.2365470852017937
Bacteria_Firmicutes_Clostridia_Oscillospirales_Butyricicoccaceae_Butyricicoccus_NA.25,7140.0,0.008297334409499974,0.0009033654494637206,0.0006550680744634667,0.0008127226118348689,0.3055130636019558,-0.23145912383580544
Bacteria_Firmicutes_Clostridia_Clostridia-vadinBB60-group_NA_NA_NA.82,4986.5,0.00963167435282582,0.0007436231115650549,0.0011983390326793049,0.004739573248307705,-0.09594026662139027,0.1399620558813384
Bacteria_Firmicutes_Clostridia_Oscillospirales_Oscillospiraceae_Intestinimonas_NA.7,6853.5,0.013962000144398592,0.00057781264403874,0.00027597037588589137,0.0009009805485005912,0.3350152993371206,-0.18204553294239392
Bacteria_Actinobacteriota_Actinobacteria_Bifidobacteriales_Bifidobacteriaceae_Bifidobacterium_bifidum.1,6723.5,0.014964764291175296,0.000800551425314228,0.0003154628039686352,0.001922311527651958,0.25234651843247957,-0.1596240082787168
Bacteria_Cyanobacteria_Vampirivibrionia_Gastranaerophilales_NA_NA_NA.2,6733.0,0.016285460217161922,0.0008695362202747913,0.0002588267021457019,0.0017188928573936238,0.355292370610647,-0.16126250431183167
Bacteria_Firmicutes_Clostridia_Lachnospirales_Lachnospiraceae_Roseburia_NA.4,4652.0,0.025913791409569346,0.0031840420720938177,0.00660812075643248,0.008651025678788565,-0.3958003144915123,0.19765436357364607
Bacteria_Firmicutes_Clostridia_Christensenellales_Christensenellaceae_NA_NA.2,6476.0,0.026974281877309107,0.00028023008107378513,0.00024249907296258023,0.001349667326935346,0.027955783887041043,-0.11693687478440842
Bacteria_Bacteroidota_Bacteroidia_Bacteroidales_Prevotellaceae_Prevotella_9_NA.54,5317.0,0.029987369174727233,0.00030000543442541735,0.0002336107017246006,0.002101266098106724,0.031597489133165714,0.08295964125560538
Bacteria_Bacteroidota_Bacteroidia_Bacteroidales_Barnesiellaceae_Barnesiella_NA.11,6622.0,0.03029339279092053,0.001036104352859736,0.0001775400519215768,0.0026222238535697703,0.3274183856459664,-0.14211797171438428
Bacteria_Firmicutes_Clostridia_Lachnospirales_Lachnospiraceae_Eubacterium-hallii-group_NA.9,6912.0,0.031073218653449888,0.0030812076220043012,0.0025148069554490607,0.0016652262144529254,0.34013436831543004,-0.19213521904104863
Bacteria_Firmicutes_Clostridia_Oscillospirales_Eubacterium-coprostanoligenes-group_NA_NA.49,6451.0,0.03111809199236122,0.00033604514674837483,7.507062418003746e-05,0.0009280315394078917,0.2812129884452482,-0.11262504311831666
Bacteria_Bacteroidota_Bacteroidia_Bacteroidales_Bacteroidaceae_Bacteroides_vulgatus.4,6841.5,0.03318498803967253,0.002181354582756118,0.0008010572666655411,0.005157545741697095,0.2676267715730212,-0.1799758537426699
Bacteria_Firmicutes_Clostridia_Oscillospirales_Ruminococcaceae_Faecalibacterium_NA.8,4713.5,0.03557369285365343,0.0025746113500760117,0.0034455390223264598,0.003078976021848072,-0.28286276543579486,0.18704725767506036
Bacteria_Bacteroidota_Bacteroidia_Bacteroidales_Tannerellaceae_Parabacteroides_distasonis.1,6695.5,0.04060369348443589,0.0011094339828758499,0.0011508436615973298,0.003877128473274575,-0.01068050207954698,-0.15479475681269403
Bacteria_Fusobacteriota_Fusobacteriia_Fusobacteriales_Fusobacteriaceae_Fusobacterium_necrophorum.1,6447.5,0.04253807417698783,0.0006740882851426681,0.0024995833028233294,0.012939562161943361,-0.14107857706728577,-0.11202138668506381
Bacteria_Firmicutes_Clostridia_Clostridia-UCG-014_NA_NA_NA.9,6654.0,0.048557053790349615,0.0004863297344919579,0.0002383704515425676,0.0006829594048298546,0.36306591752867706,-0.14763711624698173
Bacteria_Firmicutes_Clostridia_Lachnospirales_Lachnospiraceae_Eisenbergiella_tayi.1,6460.0,0.04878603717866656,0.00037926574636743335,0.00011683479056746928,0.0012403414970955078,0.21157959837229934,-0.11417730251810969
Bacteria_Firmicutes_Clostridia_Lachnospirales_Lachnospiraceae_Lachnoclostridium_NA.100,6358.0,0.05169509410298069,0.0003859791463113147,6.543042392632882e-05,0.0014880547422386075,0.21541460356677275,-0.09658502932045533
Bacteria_Bacteroidota_Bacteroidia_Bacteroidales_Bacteroidaceae_Bacteroides_NA.372,6783.0,0.05643080818805693,0.008596293024641464,0.008986227783734103,0.02525021888497777,-0.015442826886725521,-0.16988616764401518
Bacteria_Firmicutes_Clostridia_Lachnospirales_Lachnospiraceae_Lachnoclostridium_NA.98,6473.5,0.05761531892662648,0.0003645393626484057,0.00018298361240719552,0.0009319182872666364,0.19481938783895145,-0.11650569161779924
Bacteria_Firmicutes_Clostridia_Oscillospirales_Oscillospiraceae_UCG-002_NA.17,6737.0,0.0610321990585328,0.001900541324254065,0.001367887812127584,0.0027151649232873493,0.19617722207517982,-0.16195239737840636
Bacteria_Firmicutes_Clostridia_Oscillospirales_Ruminococcaceae_Eubacterium-siraeum-group_NA.15,6764.0,0.06151744065153309,0.004469512493096339,0.00374176004476383,0.005950269803914536,0.12230578987422362,-0.16660917557778546
Bacteria_Firmicutes_Clostridia_Oscillospirales_Oscillospiraceae_UCG-002_NA.30,6739.5,0.06221243494008168,0.002961005621553846,0.0016277242941212255,0.011389727196515037,0.11705998786701145,-0.16238358054501553
Bacteria_Bacteroidota_Bacteroidia_Bacteroidales_Prevotellaceae_Paraprevotella_NA.9,6705.0,0.06450233775910146,0.0014584566873592454,0.0009861840577301403,0.0028903949627252204,0.163393804555977,-0.1564332528458089
Bacteria_Firmicutes_Clostridia_Oscillospirales_Ruminococcaceae_UBA1819_NA.4,6715.0,0.06781905913417083,0.0012712275344370126,0.0007345087249655861,0.0023268508285853575,0.23066317912512357,-0.1581579855122456
Bacteria_Firmicutes_Clostridia_Lachnospirales_Lachnospiraceae_Lachnospiraceae-NK4A136-group_NA.20,6504.5,0.07256485142730491,0.0010426282167755598,0.0002804444969190103,0.0034111725416811223,0.22343745751451313,-0.12185236288375302
Bacteria_Bacteroidota_Bacteroidia_Bacteroidales_Prevotellaceae_Prevotella_7_NA.11,6560.0,0.07386248434510091,0.004755628866090606,0.00048707203788848615,0.0174012597967462,0.2453015975889448,-0.13142462918247672
Bacteria_Firmicutes_Clostridia_Lachnospirales_Lachnospiraceae_Blautia_NA.6,5184.0,0.08441423855924013,0.0002624926642399329,0.0004922400387405722,0.0009173363260870082,-0.2504505359344595,0.10589858571921353
Bacteria_Firmicutes_Clostridia_Lachnospirales_Lachnospiraceae_Lachnospiraceae-NK4A136-group_NA.10,5184.0,0.08673352216007159,0.00033262460925207203,0.0005197305015300974,0.0011668990808211173,-0.16034453651841404,0.10589858571921353
Bacteria_Firmicutes_Clostridia_Oscillospirales_UCG-010_NA_NA.81,6317.0,0.08673368581061398,0.0001551771793667342,6.358007545072012e-05,0.00037553622705173016,0.24391016716317107,-0.08951362538806484
Bacteria_Bacteroidota_Bacteroidia_Bacteroidales_NA_NA_NA.4,6294.5,0.0971861696286026,0.0002625659387829046,0.00021913179791178755,0.0011303217588412022,0.038426351197242636,-0.08563297688858226
Bacteria_Proteobacteria_Alphaproteobacteria_Rhodospirillales_NA_NA_NA.13,6617.0,0.09751163462939073,0.003280426139279313,0.0010368063675216088,0.006520670199914487,0.34407809365778497,-0.1412556053811659
Bacteria_Verrucomicrobiota_Verrucomicrobiae_Verrucomicrobiales_Akkermansiaceae_Akkermansia_NA.4,6396.0,0.0976847955945031,0.002470793004081857,0.0009476176899682721,0.009582545565871651,0.1589530990114351,-0.1031390134529148
Bacteria_Firmicutes_Clostridia_Lachnospirales_Lachnospiraceae_Eubacterium-eligens-group_NA.15,6639.0,0.10362919304982937,0.004257318872127067,0.003359080874715123,0.003227587423520143,0.2783001293369422,-0.14505001724732666
Bacteria_Bacteroidota_Bacteroidia_Bacteroidales_Bacteroidaceae_Bacteroides_eggerthii.2,6594.0,0.10646912813894324,0.0026469000348605994,0.0012398169609822496,0.00464811907329894,0.3027209612510403,-0.1372887202483615
Bacteria_Firmicutes_Clostridia_Lachnospirales_Lachnospiraceae_Roseburia_NA.19,6618.0,0.11077404789903465,0.0015211065151853366,0.0012100667645249359,0.001350400960633495,0.23033140506245417,-0.1414280786478096
Bacteria_Firmicutes_Clostridia_Clostridia-UCG-014_NA_NA_NA.15,5066.5,0.11252742533647725,0.001226501064498916,0.0014445951686322261,0.003604468748753128,-0.06050658760982574,0.12616419454984476
Bacteria_Firmicutes_Clostridia_Peptostreptococcales-Tissierellales_Anaerovoracaceae_Family-XIII-AD3011-group_NA.12,5214.0,0.11315080894650134,0.00022089771586844014,0.00035742251216680396,0.000605151675041818,-0.22560426076475704,0.10072438771990341
Bacteria_Firmicutes_Clostridia_Clostridia-vadinBB60-group_NA_NA_NA.61,6380.0,0.11439142918752535,0.0005215070050476702,0.0002621196156608264,0.001367586107672202,0.1896680493693759,-0.10037944118661607
Bacteria_Firmicutes_Clostridia_Lachnospirales_Lachnospiraceae_Eubacterium-hallii-group_NA.10,6532.0,0.12213130310401593,0.000537477885586503,0.00039669189459702375,0.0006655968208387197,0.21151842464042203,-0.12659537771645396
Bacteria_Bacteroidota_Bacteroidia_Bacteroidales_Bacteroidaceae_Bacteroides_stercoris.1,5012.5,0.12263272673593342,0.004474873559982583,0.0055136450581154605,0.014635180590059499,-0.07097770278546695,0.13547775094860295
Bacteria_Firmicutes_Clostridia_Lachnospirales_Lachnospiraceae_Dorea_longicatena.1,6592.0,0.12441896671814963,0.0078182048513234,0.007150498108620311,0.005316493995453268,0.12559155399669783,-0.13694377371507416
Bacteria_Bacteroidota_Bacteroidia_Bacteroidales_Bacteroidaceae_Bacteroides_vulgatus.2,6569.5,0.1275956569852677,0.002754943888315361,0.0027511262591741756,0.0065946388002321435,0.0005788988990649625,-0.13306312521559158
Bacteria_Firmicutes_Clostridia_Lachnospirales_Lachnospiraceae_Dorea_formicigenerans.1,6571.0,0.134624741132756,0.00196143402893935,0.0018395060821666531,0.001346110099715006,0.09057798971905111,-0.1333218351155571
Bacteria_Actinobacteriota_Actinobacteria_Bifidobacteriales_Bifidobacteriaceae_Bifidobacterium_longum.2,5025.0,0.13466130450178967,0.009128235336978601,0.011306264806485845,0.024157552450644174,-0.09015936005756929,0.1333218351155571
Bacteria_Bacteroidota_Bacteroidia_Bacteroidales_Bacteroidaceae_Bacteroides_caccae.3,6345.5,0.14012682585455521,0.0005708962315049415,0.0005655136088979658,0.0017908039100998218,0.0030057018396144014,-0.09442911348740946
Bacteria_Firmicutes_Clostridia_Lachnospirales_Lachnospiraceae_NA_NA.32,6518.5,0.14042691146334793,0.0010634379558550674,0.0008054326412843707,0.0016214759782404958,0.15911756821131864,-0.1242669886167644
Bacteria_Bacteroidota_Bacteroidia_Bacteroidales_Bacteroidaceae_Bacteroides_NA.383,6221.0,0.14176609120320896,0.0009498482797062519,0.00012134287044497035,0.005650529128935747,0.1466243939914574,-0.0729561917902725
Bacteria_Firmicutes_Clostridia_Lachnospirales_Lachnospiraceae_Sellimonas_intestinalis.1,5256.5,0.14452761098194353,0.00028981095944323427,0.0004263799818257861,0.0008520733966085444,-0.1602784724017076,0.09339427388754742
Bacteria_Bacteroidota_Bacteroidia_Bacteroidales_Bacteroidaceae_Bacteroides_massiliensis.1,5305.0,0.14590683647874456,0.0004053975048473412,0.0006971181707886362,0.0020538194009149303,-0.14203812945351474,0.08502932045532942
Bacteria_Firmicutes_Clostridia_Oscillospirales_Ruminococcaceae_Subdoligranulum_NA.18,5050.0,0.1477806276550857,0.007147718199342696,0.009968984070858784,0.009749382916059313,-0.2893789171896061,0.12901000344946534
Bacteria_Firmicutes_Clostridia_Oscillospirales_Oscillospiraceae_UCG-005_NA.40,6245.0,0.1495415706922786,0.00034243859714573746,0.00014742608075715813,0.0010817491187972805,0.18027517933677617,-0.0770955501897206
Bacteria_Firmicutes_Clostridia_Lachnospirales_Lachnospiraceae_Agathobacter_NA.142,6542.0,0.14995873052899575,0.010638502906621482,0.008592175411201788,0.01092755065901391,0.18726314425563614,-0.12832011038289065
Bacteria_Firmicutes_Clostridia_Christensenellales_Christensenellaceae_Christensenellaceae-R-7-group_NA.10,6272.5,0.15421363457836998,0.00042854948720516653,0.0007444954823139582,0.0034303150928412358,-0.09210407398671422,-0.08183856502242152
Bacteria_Firmicutes_Clostridia_Oscillospirales_Eubacterium-coprostanoligenes-group_NA_NA.17,6522.0,0.16121378647129525,0.005949407359113089,0.005197406058649544,0.006066971753002504,0.12395002500075669,-0.12487064505001724
Bacteria_Firmicutes_Clostridia_Oscillospirales_Ruminococcaceae_Incertae-Sedis_NA.23,6513.5,0.1640046092259917,0.0013957725829795518,0.0012051210327647466,0.0013561682460972605,0.14058104572456726,-0.12340462228354605
Bacteria_Bacteroidota_Bacteroidia_Bacteroidales_Porphyromonadaceae_Porphyromonas_NA.30,6324.0,0.16938583967392185,0.0014931158525343412,0.0007635373152336948,0.005629008601327506,0.1296104854287463,-0.09072093825457055
Bacteria_Firmicutes_Clostridia_Lachnospirales_Lachnospiraceae_Lachnoclostridium_NA.64,5122.0,0.1694074736996406,0.001828951675553228,0.0017586945203401456,0.003994094573474189,0.017590258297757462,0.11659192825112108
Bacteria_Firmicutes_Clostridia_Lachnospirales_Lachnospiraceae_Ruminococcus-torques-group_NA.19,6506.5,0.17039164241805627,0.004745776011179387,0.003041584752721272,0.00432062028062259,0.39443208330553525,-0.12219730941704036
Bacteria_Bacteroidota_Bacteroidia_Bacteroidales_Bacteroidaceae_Bacteroides_uniformis.3,6369.0,0.17551660407846814,0.001422418374755438,0.0005183947093433433,0.004062045883933766,0.22255377985455452,-0.09848223525353571
Bacteria_Bacteroidota_Bacteroidia_Bacteroidales_Bacteroidaceae_Bacteroides_nordii.1,6238.5,0.1777090987655774,0.0004414959889360155,0.00019618741602199513,0.0013204273584466399,0.18577968060477262,-0.07597447395653674
Bacteria_Firmicutes_Clostridia_Clostridia-UCG-014_NA_NA_NA.118,6204.0,0.18554652757644752,0.0003836480664054054,0.00016920651077094874,0.0011586357182426493,0.18508108481215224,-0.07002414625733011
Bacteria_Bacteroidota_Bacteroidia_Bacteroidales_Prevotellaceae_Prevotella_9_NA.136,6281.5,0.18676183702402527,0.0021219404459735486,0.0007981442200372915,0.008869358422041092,0.14925501518199033,-0.08339082442221456
Bacteria_Bacteroidota_Bacteroidia_Bacteroidales_Bacteroidaceae_Bacteroides_NA.374,6255.0,0.18872763797418557,0.0007905465337065539,0.00031830482614236355,0.0030363816560499825,0.15552778308459678,-0.07882028285615729
Bacteria_Firmicutes_Clostridia_Lachnospirales_Lachnospiraceae_Bacteroides-pectinophilus-group_NA.1,5433.0,0.1921682994447269,0.00026662617075021096,0.00034062752915345497,0.0012243372299942856,-0.06044197349417317,0.06295274232493964
Bacteria_Firmicutes_Clostridia_Oscillospirales_Oscillospiraceae_UCG-005_NA.62,6471.0,0.19259078678067376,0.003199416947023742,0.002393993502556688,0.0031162657669195045,0.2584578802671353,-0.11607450845119006
Bacteria_Bacteroidota_Bacteroidia_Bacteroidales_Tannerellaceae_Parabacteroides_distasonis.6,6343.0,0.19424458030508662,0.0008827832855385631,0.00038422900930126867,0.0022179635467321403,0.22478019396299123,-0.09399793032080028
Bacteria_Bacteroidota_Bacteroidia_Bacteroidales_Rikenellaceae_Alistipes_NA.34,6429.0,0.19610510146880256,0.0012738409920943314,0.0007356631527559825,0.001663443537534622,0.3235323755779403,-0.10883063125215592
Bacteria_Firmicutes_Clostridia_Oscillospirales_UCG-010_NA_NA.51,5397.0,0.19612175472121252,0.00016738485010905826,0.0002505968064370543,0.0005680084247778645,-0.14649775020597341,0.06916177992411177
Bacteria_Firmicutes_Clostridia_Oscillospirales_Ruminococcaceae_Eubacterium-siraeum-group_NA.14,5360.0,0.19644344364904076,0.0003745448333162566,0.0007886406738045499,0.0022004649434973047,-0.18818561127820144,0.07554329078992757
Bacteria_Bacteroidota_Bacteroidia_Bacteroidales_Prevotellaceae_Prevotellaceae-NK3B31-group_NA.14,6152.5,0.19849472683167302,0.0010874533693249668,0.00023406001979993333,0.006846233185734226,0.124651516589193,-0.0611417730251811
Bacteria_Firmicutes_Clostridia_Lachnospirales_Lachnospiraceae_Eubacterium-eligens-group_NA.13,6460.0,0.20022867897341357,0.004525617412033136,0.003937690444649093,0.004364196490575259,0.13471597089033588,-0.11417730251810969
Bacteria_Firmicutes_Clostridia_Oscillospirales_Ruminococcaceae_NA_NA.68,6114.0,0.20321865029602004,7.891306093269614e-05,3.8710975852387755e-05,0.00023459194908610626,0.1713702675514765,-0.054501552259399795
Bacteria_Firmicutes_Clostridia_Clostridia-UCG-014_NA_NA_NA.46,5393.5,0.20674826352149855,0.00022647641752322715,0.0006703532276877088,0.002384657310937428,-0.1861386154432354,0.06976543635736461
Bacteria_Firmicutes_Clostridia_Oscillospirales_Butyricicoccaceae_Butyricicoccus_NA.13,6236.5,0.21090813346904425,0.00017428935593657784,9.905937610182403e-05,0.000353943874899023,0.21254776581800222,-0.0756295274232494
Bacteria_Firmicutes_Clostridia_Christensenellales_Christensenellaceae_Christensenellaceae-R-7-group_NA.18,6206.5,0.21136624503026935,0.0002279267355741297,0.00016625029420680833,0.0006030122549108478,0.10228057699497317,-0.07045532942393928
Bacteria_Firmicutes_Clostridia_Oscillospirales_Ruminococcaceae_Faecalibacterium_prausnitzii.5,5154.0,0.21275124222003905,0.03594271395309515,0.03932885965247346,0.02660480346619401,-0.12727572686943497,0.11107278371852362
Bacteria_Firmicutes_Clostridia_Oscillospirales_Ruminococcaceae_Ruminococcus_NA.18,6266.0,0.21316993417410313,0.0005532506069908492,0.0003550282377565712,0.001500034586244577,0.1321451992187321,-0.08071748878923767
Bacteria_Firmicutes_Clostridia_Oscillospirales_Ruminococcaceae_Eubacterium-siraeum-group_NA.12,6426.5,0.21681062400089202,0.0015801551269882944,0.0011059429405192028,0.0015722083941116705,0.301621711374357,-0.10839944808554675
Bacteria_Firmicutes_Clostridia_Oscillospirales_Oscillospiraceae_UCG-002_NA.36,6270.0,0.2175868952167247,0.0007917265220081169,0.0002901956294023391,0.0020438378854574905,0.2453868265063086,-0.08140738185581235
Bacteria_Bacteroidota_Bacteroidia_Bacteroidales_Bacteroidaceae_Bacteroides_NA.396,5387.0,0.2214107673841642,0.0005646436715023335,0.0018076581241899597,0.006386167380176854,-0.19464169644942866,0.07088651259054847
Bacteria_Firmicutes_Clostridia_Oscillospirales_Ruminococcaceae_Incertae-Sedis_NA.20,6406.0,0.2260880881693983,0.0013289991730562579,0.0007845179248687902,0.0034898159827496515,0.15602004543473577,-0.1048637461193515
Bacteria_Firmicutes_Clostridia_Lachnospirales_Lachnospiraceae_Lachnospiraceae-NK4A136-group_NA.48,6421.5,0.22697027767709133,0.0017294174640601315,0.0014863573361031251,0.00156438883581315,0.15537066130407834,-0.10753708175232839
Bacteria_Bacteroidota_Bacteroidia_Bacteroidales_Rikenellaceae_Rikenellaceae-RC9-gut-group_NA.48,6375.0,0.22931954195433846,0.005780798774303366,0.002903095538793889,0.015824691371815552,0.18184893265184238,-0.09951707485339772
Bacteria_Bacteroidota_Bacteroidia_Bacteroidales_Bacteroidaceae_Bacteroides_caccae.2,5188.0,0.23272478877440084,0.0025300491787407977,0.003081183499591074,0.0042745610165950635,-0.12893354866397183,0.10520869265263884
Bacteria_Firmicutes_Clostridia_Lachnospirales_Lachnospiraceae_Anaerostipes_NA.18,6379.0,0.23585979608935725,0.0007361913719871525,0.0004947873283993151,0.0008527938539872619,0.2830743238347063,-0.1002069679199724
Bacteria_Bacteroidota_Bacteroidia_Bacteroidales_Barnesiellaceae_Barnesiella_NA.22,6176.5,0.2374820727925071,0.0004013657327355328,0.000455848348295266,0.002246363775934719,-0.024253692186192263,-0.06528113142462919
Bacteria_Bacteroidota_Bacteroidia_Bacteroidales_Bacteroidaceae_Bacteroides_NA.320,6255.0,0.23794792375489238,0.0005336462073712917,0.0008138588146221878,0.003351496725077959,-0.08360819963038398,-0.07882028285615729
Bacteria_Bacteroidota_Bacteroidia_Bacteroidales_Tannerellaceae_Parabacteroides_distasonis.3,6382.0,0.2385526237849721,0.0015174276358434777,0.0009052713941338274,0.0043040276970189965,0.1422286947952576,-0.10072438771990341
Bacteria_Verrucomicrobiota_Verrucomicrobiae_Verrucomicrobiales_Akkermansiaceae_Akkermansia_muciniphila.2,6390.5,0.24072934423010628,0.009493566419542708,0.005134210939333762,0.022854323957518526,0.19074532628101748,-0.10219041048637462
Bacteria_Bacteroidota_Bacteroidia_Bacteroidales_Bacteroidaceae_Bacteroides_coprocola.3,6202.5,0.2408987422369292,0.0009657678807306661,0.0017178721794952254,0.008606930354681819,-0.08738356972476781,-0.06976543635736461
Bacteria_Bacteroidota_Bacteroidia_Bacteroidales_Bacteroidaceae_Bacteroides_NA.277,6382.5,0.24157144653462348,0.003279180908029692,0.0012062511944210064,0.011565380702010686,0.17923575254624335,-0.10081062435322526
Bacteria_Firmicutes_Clostridia_Lachnospirales_Lachnospiraceae_Lachnospiraceae_UCG-003_NA.9,5281.0,0.24848352965155074,0.0007326855083845877,0.000939622216832123,0.0018712468237875451,-0.11058760705264936,0.08916867885477751
Bacteria_Bacteroidota_Bacteroidia_Bacteroidales_Bacteroidaceae_Bacteroides_coprocola.2,5554.5,0.2596266215122873,0.00024771722858232765,0.00017282143972434518,0.0016997291026186693,0.044063367946453984,0.0419972404277337
Bacteria_Firmicutes_Clostridia_Oscillospirales_Oscillospiraceae_UCG-002_NA.64,5216.0,0.26017045787128734,0.004828214227469208,0.00535158016917018,0.0050498411959871104,-0.10364007923989138,0.10037944118661607
Bacteria_Firmicutes_Clostridia_Lachnospirales_Lachnospiraceae_Coprococcus_comes.1,6374.5,0.26470777918907573,0.00483570249663194,0.004240777205469486,0.002323958468769514,0.2559965245323227,-0.09943083822007588
Bacteria_Bacteroidota_Bacteroidia_Bacteroidales_Barnesiellaceae_Barnesiella_NA.33,6118.0,0.26654126985176785,0.00041899239577841154,5.617064355923103e-05,0.001592308644013489,0.22785893525307452,-0.055191445325974475
Bacteria_Firmicutes_Clostridia_Lachnospirales_Lachnospiraceae_Fusicatenibacter_saccharivorans.1,6371.0,0.2676219526276833,0.017936564119639616,0.01617831800127695,0.012410933321644828,0.14166912937129886,-0.09882718178682304
Bacteria_Firmicutes_Clostridia_Oscillospirales_Oscillospiraceae_UCG-005_NA.22,5228.0,0.2701220436425087,0.0040996571680261655,0.004875364268042197,0.003806416144293256,-0.20378935739304416,0.09830976198689204
Bacteria_Bacteroidota_Bacteroidia_Bacteroidales_Tannerellaceae_Parabacteroides_merdae.1,6367.0,0.27097899210830323,0.00822133140661675,0.007879169045554678,0.009515384428675907,0.03595885837580243,-0.09813728872024836
Bacteria_Firmicutes_Clostridia_Oscillospirales_Oscillospiraceae_NK4A214-group_NA.21,5317.0,0.27578164190284415,0.000804835294703445,0.0008379688840362598,0.0019726362614672175,-0.016796603600995635,0.08295964125560538
Bacteria_Actinobacteriota_Coriobacteriia_Coriobacteriales_Eggerthellaceae_Senegalimassilia_NA.7,5371.0,0.2780499931328849,0.00039092109444954564,0.0005016025710107637,0.0010260401698769424,-0.10787245939356604,0.07364608485684719
Bacteria_Bacteroidota_Bacteroidia_Bacteroidales_Bacteroidaceae_Bacteroides_NA.305,6086.5,0.28009687766684566,0.0004415976779888437,0.00023251819954798404,0.0024600893447308783,0.08498857120318608,-0.04975853742669886
Bacteria_Firmicutes_Clostridia_Oscillospirales_Ruminococcaceae_Faecalibacterium_NA.13,5242.0,0.28208929048689513,0.017018072360499816,0.017726892040051605,0.01665110188290033,-0.04256893534954008,0.09589513625388064
Bacteria_Firmicutes_Clostridia_Lachnospirales_Lachnospiraceae_Eubacterium-ruminantium-group_NA.2,6351.0,0.2844141665240597,0.004650502981291957,0.004709483987870768,0.006452938981428034,-0.009140177328278163,-0.09537771645394964
Bacteria_Firmicutes_Clostridia_Oscillospirales_Oscillospiraceae_UCG-005_NA.33,5412.0,0.28868039130744083,0.000296282742691598,0.0002932655322943689,0.0007485247215267306,0.004030876082589494,0.0665746809244567
Bacteria_Bacteroidota_Bacteroidia_Bacteroidales_Rikenellaceae_Alistipes_finegoldii.1,6187.0,0.29471829844078956,0.0005368617325181805,0.0007752649502192542,0.0023558069205554515,-0.1011981141667005,-0.06709210072438772
Bacteria_Firmicutes_Clostridia_Oscillospirales_Ruminococcaceae_Ruminococcus_bicirculans.1,6337.0,0.2953436072656691,0.00292944916091646,0.002828824877131157,0.0038141602455711836,0.02638176618356376,-0.09296309072093825
Bacteria_Bacteroidota_Bacteroidia_Bacteroidales_Bacteroidaceae_Bacteroides_NA.339,6039.0,0.3009701288037453,0.00034889582494790865,7.138282924239494e-05,0.002303856568412189,0.12045584760373118,-0.04156605726112453
Bacteria_Bacteroidota_Bacteroidia_Bacteroidales_Rikenellaceae_Alistipes_inops.1,6255.5,0.302927979661503,0.0006542880982615412,0.0005434497962265581,0.001394460057965196,0.07948474493899739,-0.07890651948947913
Bacteria_Bacteroidota_Bacteroidia_Bacteroidales_Bacteroidaceae_Bacteroides_plebeius.1,5398.5,0.30500138138833843,0.003142678338724187,0.002533348019623697,0.0186209488297085,0.032722839457479384,0.06890307002414625
Bacteria_Bacteroidota_Bacteroidia_Bacteroidales_Bacteroidaceae_Bacteroides_NA.307,6271.0,0.30837274067147147,0.0019246404453189053,0.0013000811268648142,0.00830770208809269,0.07517834797534001,-0.08157985512245602
Bacteria_Firmicutes_Clostridia_Lachnospirales_Lachnospiraceae_Lachnospiraceae_UCG-010_NA.16,5373.0,0.31345314925688017,0.0005388362609176605,0.0013740893241438147,0.0038897431590627345,-0.21473218900844218,0.07330113832355985
Bacteria_Bacteroidota_Bacteroidia_Bacteroidales_Rikenellaceae_Alistipes_putredinis.1,6315.0,0.3172522240968314,0.015113879967286798,0.0129683508680031,0.01218842815645429,0.17603000745814373,-0.08916867885477751
Bacteria_Firmicutes_Clostridia_Lachnospirales_Lachnospiraceae_Hungatella_hathewayi.2,5498.5,0.31737236760811127,0.00022702567886701206,0.00016681780115730075,0.0008692138563886357,0.06926704776642638,0.05165574335977923
Bacteria_Proteobacteria_Alphaproteobacteria_Rhodospirillales_NA_NA_NA.2,5510.0,0.31741565703450325,0.0004166873540006554,0.0015017706918431665,0.00426394080149432,-0.25447898748083886,0.049672300793377026
Bacteria_Firmicutes_Clostridia_Lachnospirales_Lachnospiraceae_Coprococcus_NA.8,6240.0,0.3181440714812892,0.00057648790626345,0.0005312189955999874,0.001298194990639489,0.03487065578735842,-0.07623318385650224
Bacteria_Firmicutes_Clostridia_Lachnospirales_Lachnospiraceae_Lachnospiraceae_UCG-010_NA.4,5282.5,0.3185360446597363,0.0027296347236746782,0.005026012324318215,0.007403163055238149,-0.31018871035384293,0.088909968954812
Bacteria_Actinobacteriota_Coriobacteriia_Coriobacteriales_Eggerthellaceae_Adlercreutzia_NA.6,5602.0,0.3203000663087736,4.114595122224607e-05,0.00013500754147924862,0.00041398026945590804,-0.22672962259859464,0.03380476026215937
Bacteria_Bacteroidota_Bacteroidia_Bacteroidales_Tannerellaceae_Parabacteroides_distasonis.10,6195.0,0.3230785367011886,0.0005626019107308195,0.0015255017968477933,0.0055349368141091254,-0.1739676383770891,-0.06847188685753708
Bacteria_Firmicutes_Clostridia_Lachnospirales_Lachnospiraceae_Coprococcus_eutactus.1,6305.5,0.3231672603662521,0.0023802822647505666,0.002705769252661917,0.004488829680800656,-0.07251043391187306,-0.08753018282166264
Bacteria_Firmicutes_Clostridia_Lachnospirales_Lachnospiraceae_Ruminococcus-gauvreauii-group_NA.5,5291.0,0.32591009250037917,0.001871674027244874,0.0021260565165218226,0.00197570992175383,-0.12875497889443926,0.08744394618834081
Bacteria_Bacteroidota_Bacteroidia_Bacteroidales_Prevotellaceae_Prevotella_9_copri.2,6248.0,0.32799109958102435,0.006026587558566548,0.003202280522843207,0.02372060105897274,0.11906557631915471,-0.0776129699896516
Bacteria_Bacteroidota_Bacteroidia_Bacteroidales_Prevotellaceae_Paraprevotella_NA.1,6113.0,0.33997529786033986,0.0005942267946620618,0.0007670658750487086,0.003598218361592367,-0.0480346279790974,-0.05432907899275612
Bacteria_Bacteroidota_Bacteroidia_Bacteroidales_Barnesiellaceae_Barnesiella_NA.44,6224.0,0.34174909897529515,0.0025781275062251286,0.001410032424593718,0.0073559046180623165,0.15879693148320198,-0.07347361159020352
Bacteria_Firmicutes_Clostridia_Oscillospirales_Oscillospiraceae_UCG-002_NA.37,5391.0,0.34178755121811566,0.0006264752509340976,0.001096033533129127,0.0032136571490657675,-0.1461133719045086,0.07019661952397378
Bacteria_Firmicutes_Clostridia_Oscillospirales_Ruminococcaceae_Ruminococcus_NA.13,5366.0,0.3441382295835662,0.0009450439448305723,0.0012745759249522275,0.0029285237268922067,-0.11252494801241014,0.07450845119006554
Bacteria_Bacteroidota_Bacteroidia_Bacteroidales_Bacteroidaceae_Bacteroides_NA.304,6230.0,0.3477317553494834,0.002413209309134371,0.007641035785248733,0.028639018183530488,-0.18254209842712912,-0.07450845119006554
Bacteria_Bacteroidota_Bacteroidia_Bacteroidales_Bacteroidaceae_Bacteroides_NA.366,6280.0,0.3506159189120255,0.005223819256169355,0.004365452117346338,0.006723635429967063,0.12766414059234943,-0.08313211452224906
Bacteria_Firmicutes_Clostridia_Oscillospirales_Ruminococcaceae_NA_NA.38,5486.5,0.3584878330769583,0.0012880807586049883,0.0034512090409171813,0.011220449888794285,-0.19278445193828464,0.05372542255950328
Bacteria_Firmicutes_Clostridia_Oscillospirales_Oscillospiraceae_Flavonifractor_plautii.2,5539.0,0.3619809466722347,0.00019523345207349057,0.00012656268961256872,0.0007889605663091469,0.08703953707366135,0.04467057606071059
Bacteria_Firmicutes_Clostridia_Oscillospirales_Ruminococcaceae_Subdoligranulum_NA.60,5327.0,0.3622696993010537,0.011397930753524787,0.013768603752343588,0.014009033507480648,-0.16922459337061985,0.08123490858916868
Bacteria_Bacteroidota_Bacteroidia_Bacteroidales_Prevotellaceae_Prevotella_intermedia.3,5519.5,0.36408463463357166,0.0009219758847399262,0.004658672387910571,0.01978897932685526,-0.18882714673917733,0.04803380476026216
Bacteria_Bacteroidota_Bacteroidia_Bacteroidales_Prevotellaceae_Prevotella_9_copri.3,5533.0,0.36415854842854267,0.0010026382645222727,0.0008601061813976405,0.005820608360206271,0.024487488988106584,0.04570541566057261
Bacteria_Bacteroidota_Bacteroidia_Bacteroidales_Muribaculaceae_CAG-873_NA.3,6170.0,0.36568396642794243,0.003335501717637086,0.0010602751581371647,0.011804585450484554,0.19274091149101114,-0.06416005519144533
Bacteria_Firmicutes_Clostridia_Christensenellales_Christensenellaceae_Christensenellaceae-R-7-group_NA.128,6261.0,0.36990580468368073,0.004275728025019328,0.004815743789580057,0.008913267479685917,-0.06058561193091868,-0.07985512245601932
Bacteria_Firmicutes_Clostridia_Lachnospirales_Lachnospiraceae_Lachnospira_pectinoschiza.2,6257.0,0.3722707726237693,0.0016091554003297781,0.0013504811700700788,0.0014339782002705643,0.1803892347951262,-0.07916522938944463
Bacteria_Firmicutes_Clostridia_Oscillospirales_UCG-010_NA_NA.66,6133.5,0.3723583049338728,0.0002943268865188466,0.0003290537963849077,0.0008768093415994929,-0.03960599895378809,-0.05786478095895136
Bacteria_Firmicutes_Clostridia_Oscillospirales_Ruminococcaceae_Faecalibacterium_prausnitzii.2,6051.0,0.3732307494742031,0.000506805018229511,0.0002932740910956562,0.0027221276651717956,0.07844265714127656,-0.04363573646084857
Bacteria_Bacteroidota_Bacteroidia_Bacteroidales_Barnesiellaceae_Barnesiella_NA.57,6053.0,0.3761431074168301,0.00044481349646037044,0.0003360740471785222,0.0024445973867975915,0.044481537069912466,-0.043980682994135906
Bacteria_Firmicutes_Clostridia_Lachnospirales_Lachnospiraceae_NA_NA.44,5439.0,0.38057208800726505,0.000579147776656189,0.002594888200502132,0.0059624741150779825,-0.3380711404261718,0.06191790272507761
Bacteria_Bacteroidota_Bacteroidia_Bacteroidales_Tannerellaceae_NA_NA.1,6171.0,0.38711892169476303,0.0007077777579059302,0.00047057362024602285,0.0015265003608647752,0.1553908166294368,-0.064332528458089
Bacteria_Proteobacteria_Alphaproteobacteria_Rhodospirillales_NA_NA_NA.6,5488.0,0.3875214505131599,0.0007397461366413195,0.002032211202920635,0.007691555413625336,-0.16803689199063124,0.05346671265953777
Bacteria_Bacteroidota_Bacteroidia_Bacteroidales_Bacteroidaceae_Bacteroides_massiliensis.3,6191.0,0.3952838334381803,0.0013488314260531153,0.0013339116929307543,0.004198472739881649,0.0035536096210979627,-0.0677819937909624
Bacteria_Firmicutes_Clostridia_Oscillospirales_Oscillospiraceae_Oscillibacter_NA.3,6236.0,0.39548861743276065,0.0015541766210266004,0.0013141558598551788,0.0012170218155388103,0.19721976887091172,-0.07554329078992757
Bacteria_Firmicutes_Clostridia_Lachnospirales_Lachnospiraceae_Lachnoclostridium_NA.102,6205.0,0.3974329099701892,0.0006968882523917225,0.0005526094239471605,0.00097907809615704,0.1473619203727139,-0.07019661952397378
Bacteria_Firmicutes_Clostridia_Oscillospirales_Oscillospiraceae_UCG-003_NA.5,5364.5,0.40036694405939355,0.0016475934901465186,0.0018532398270530805,0.0015330363237614033,-0.13414316002767335,0.07476716109003105
Bacteria_Bacteroidota_Bacteroidia_Bacteroidales_Bacteroidaceae_Bacteroides_vulgatus.5,6232.0,0.4012423183584759,0.030671898195512606,0.028013721021212815,0.040458586107187985,0.06570118805579149,-0.07485339772335288
Bacteria_Firmicutes_Clostridia_Christensenellales_Christensenellaceae_Christensenellaceae-R-7-group_NA.113,5381.0,0.4124645655360114,0.0023117004095840575,0.0023355513507542394,0.003348816284874518,-0.007122200545281809,0.07192135219041049
Bacteria_Bacteroidota_Bacteroidia_Bacteroidales_Bacteroidaceae_Bacteroides_fragilis.4,5376.0,0.4132361438291867,0.006862209732784159,0.006694441415916737,0.017919062447333975,0.009362561091603501,0.07278371852362883
Bacteria_Firmicutes_Clostridia_Oscillospirales_Oscillospiraceae_UCG-002_NA.25,5392.0,0.4246531975098179,0.0020343167365956794,0.0031907396370651356,0.006147012991278889,-0.18812761614627105,0.07002414625733011
Bacteria_Bacteroidota_Bacteroidia_Bacteroidales_Barnesiellaceae_Barnesiella_NA.1,5541.0,0.43202520624758367,0.00051935503376325,0.0009176998596721112,0.004029469021628449,-0.09885789511489436,0.04432562952742325
Bacteria_Firmicutes_Clostridia_Christensenellales_Christensenellaceae_Christensenellaceae-R-7-group_NA.119,5393.5,0.433931394333953,0.00313336949087681,0.0034737143641441898,0.0029528224925377245,-0.11526086452114476,0.06976543635736461
Bacteria_Bacteroidota_Bacteroidia_Bacteroidales_Bacteroidaceae_Bacteroides_ovatus.2,6096.0,0.43659198911313246,0.0008435119025615513,0.0028128765022865437,0.012855155061738016,-0.15319648734433347,-0.05139703345981373
Bacteria_Firmicutes_Clostridia_Lachnospirales_Lachnospiraceae_Lachnoclostridium_NA.66,5588.0,0.43952719320163747,0.00027034172984516727,0.000180069120371903,0.0012111509354711966,0.07453456611346615,0.03621938599517075
Bacteria_Bacteroidota_Bacteroidia_Bacteroidales_Prevotellaceae_Prevotella_9_NA.88,5553.0,0.44004576487950275,0.0011073785025731823,0.0009115432193409599,0.006620005400714246,0.029582344934506146,0.04225595032769921
Bacteria_Bacteroidota_Bacteroidia_Bacteroidales_Bacteroidaceae_Bacteroides_NA.331,5536.5,0.44093122701411,0.0003682740570376415,0.00034860948946611054,0.0014246637560374235,0.013802953495655869,0.045101759227319765
Bacteria_Firmicutes_Clostridia_Lachnospirales_Lachnospiraceae_NA_NA.31,6079.5,0.44244093662821493,0.0002541446825152896,0.00016293033555527428,0.0005344478009128184,0.17067026340874517,-0.04855122456019317
Bacteria_Bacteroidota_Bacteroidia_Bacteroidales_Bacteroidaceae_Bacteroides_NA.310,6009.0,0.44450397950109233,0.0003727689081531683,0.00014178428293780293,0.0013662042857641992,0.16907034154570957,-0.036391859261814416
Bacteria_Firmicutes_Clostridia_Lachnospirales_Lachnospiraceae_NA_NA.77,6130.0,0.44468010930836066,0.0003437689424201086,0.0002579342578056322,0.000522618202507196,0.16423975323227386,-0.057261124525698516
Bacteria_Firmicutes_Clostridia_Clostridiales_Clostridiaceae_Clostridium-sensu-stricto-12_paraputrificum.1,5573.0,0.4470995930185918,0.000947310581390555,0.0007023657620467458,0.005936233672573224,0.0412626646547812,0.0388064849948258
Bacteria_Firmicutes_Clostridia_Clostridiales_Clostridiaceae_Clostridium-sensu-stricto-12_NA.25,5474.0,0.4476434806690007,0.0005053642343312581,0.0006225097741621501,0.0014485587628627853,-0.08087040915024905,0.055881338392549156
Bacteria_Actinobacteriota_Actinobacteria_Bifidobacteriales_Bifidobacteriaceae_Bifidobacterium_NA.12,6189.0,0.4495631148424778,0.022324481420264122,0.01385471168406596,0.03373029604261798,0.2511027393740236,-0.06743704725767506
Bacteria_Firmicutes_Bacilli_Acholeplasmatales_Acholeplasmataceae_Anaeroplasma_NA.1,6047.0,0.45086985262896173,0.0008298233274058894,0.0010214681749952466,0.005699442566102691,-0.03362519147559459,-0.04294584339427389
Bacteria_Bacteroidota_Bacteroidia_Bacteroidales_Bacteroidaceae_Bacteroides_NA.290,6149.0,0.4556968740768417,0.0031351540781523178,0.0044168056789468165,0.012646155610902753,-0.10134713190540974,-0.06053811659192825
Bacteria_Bacteroidota_Bacteroidia_Bacteroidales_Bacteroidaceae_Bacteroides_NA.286,6156.5,0.4568591924586082,0.0038207145644563656,0.004788187556593838,0.014794202266781077,-0.06539541468280705,-0.06183166609175578
Bacteria_Firmicutes_Clostridia_Oscillospirales_Ruminococcaceae_CAG-352_NA.5,6020.5,0.4578571241451096,0.0003941806037985375,0.0001695330225433908,0.001222628690160257,0.1837414605620786,-0.03837530182821663
Bacteria_Bacteroidota_Bacteroidia_Bacteroidales_Bacteroidaceae_Bacteroides_NA.398,6181.0,0.45890527874722487,0.04313675448163636,0.03203957292083928,0.03750958703600209,0.29584920650141766,-0.0660572611245257
Bacteria_Firmicutes_Clostridia_Oscillospirales_Ruminococcaceae_Ruminococcus_champanellensis.2,6093.0,0.46077516971464283,0.0005276685525068167,0.00037986732510748194,0.00114231705288816,0.12938721962142102,-0.050879613659882715
Bacteria_Actinobacteriota_Coriobacteriia_Coriobacteriales_Eggerthellaceae_Adlercreutzia_equolifaciens.3,5649.0,0.46498341516229647,4.694822790730969e-05,5.053648631431951e-05,0.000204600139648385,-0.017537907907474608,0.025698516729906865
Bacteria_Bacteroidota_Bacteroidia_Bacteroidales_Bacteroidaceae_Bacteroides_vulgatus.1,6172.0,0.4695424625664488,0.016625769110063637,0.01404197174271975,0.022688115998442414,0.11388329324132818,-0.06450500172473267
Bacteria_Firmicutes_Clostridia_Oscillospirales_Ruminococcaceae_Faecalibacterium_prausnitzii.3,6171.0,0.4707327994846583,0.02098120018672352,0.022326615743369062,0.01935332348654424,-0.06951857946160857,-0.064332528458089
Bacteria_Firmicutes_Clostridia_Christensenellales_Christensenellaceae_Christensenellaceae-R-7-group_NA.141,6137.0,0.47127121143582584,0.0009394859647748095,0.0013802916563505037,0.0036198606176481786,-0.12177421678243662,-0.05846843739220421
Bacteria_Firmicutes_Clostridia_Oscillospirales_Oscillospiraceae_UCG-002_NA.62,5564.0,0.474438873680221,0.0002117450737546233,0.00031068874107732325,0.0009672574948193202,-0.10229299628345834,0.04035874439461883
Bacteria_Firmicutes_Clostridia_Oscillospirales_Oscillospiraceae_UCG-005_NA.39,6135.0,0.4765283924213416,0.0009043718280753163,0.000636157261394641,0.002247599063019199,0.11933381317590636,-0.05812349085891687
Bacteria_Firmicutes_Clostridia_Lachnospirales_Lachnospiraceae_Frisingicoccus_NA.1,6080.5,0.4778153048907987,0.00041391071165788857,0.0003867435957368287,0.0010807842106553191,0.025136484835013895,-0.04872369782683684
Bacteria_Bacteroidota_Bacteroidia_Bacteroidales_Muribaculaceae_NA_NA.15,6008.5,0.48252241703741683,0.0013518982761049616,0.00020138100260879072,0.008119137344172007,0.14170437384237908,-0.03630562262849259
Bacteria_Fusobacteriota_Fusobacteriia_Fusobacteriales_Fusobacteriaceae_Fusobacterium_nucleatum,5526.0,0.48275744778849317,0.0028300579136989945,0.006884041599206083,0.027171894273739266,-0.14919768363095426,0.046912728527078305
Bacteria_Firmicutes_Clostridia_Oscillospirales_Ruminococcaceae_Faecalibacterium_prausnitzii.1,6160.0,0.4839351152637529,0.02000818191739081,0.01862170729523872,0.020055346988352964,0.0691324175521509,-0.06243532252500862
Bacteria_Bacteroidota_Bacteroidia_Bacteroidales_Marinifilaceae_Butyricimonas_NA.31,5615.0,0.48632233012645165,0.000125681680344682,0.00033218394850390145,0.0008754619102463696,-0.23587807275488007,0.031562607795791654
Bacteria_Firmicutes_Clostridia_Oscillospirales_Eubacterium-coprostanoligenes-group_NA_NA.15,5619.0,0.4882492919527722,0.0002546281013259552,0.00018113371704515992,0.0011629074092865486,0.06319882708966879,0.03087271472921697
Bacteria_Firmicutes_Clostridia_Lachnospirales_Lachnospiraceae_Roseburia_intestinalis.1,6128.5,0.4941994357380112,0.0025781214222152992,0.0018934821427918224,0.0045140213993451845,0.15166948023835075,-0.05700241462573301
Bacteria_Firmicutes_Clostridia_Oscillospirales_Oscillospiraceae_UCG-005_NA.41,6070.0,0.498641871527569,0.00037581729351955726,0.00035146993844716897,0.0008623648179531721,0.02823324255061435,-0.046912728527078305
Bacteria_Firmicutes_Clostridia_Lachnospirales_Lachnospiraceae_Blautia_NA.51,6145.0,0.502257244074922,0.011373311301284675,0.010644917569633237,0.007401598352863883,0.09841032935401074,-0.05984822352535357
Bacteria_Firmicutes_Clostridia_Lachnospirales_Lachnospiraceae_Blautia_massiliensis.1,6138.0,0.5109312362566489,0.0035102919489431988,0.003697772951529863,0.0025877644739106444,-0.07244902095102256,-0.058640910658847877
Bacteria_Firmicutes_Clostridia_Clostridia-vadinBB60-group_NA_NA_NA.20,5463.5,0.5121559309181025,0.003793982600216613,0.004138779514986556,0.007765341325531362,-0.044402029520106114,0.057692307692307696
Bacteria_Bacteroidota_Bacteroidia_Bacteroidales_Rikenellaceae_Rikenellaceae-RC9-gut-group_NA.44,5561.0,0.5150951343507402,0.0020282169860933673,0.0009497917735154225,0.009250606637596276,0.11657886394120508,0.04087616419454985
Bacteria_Bacteroidota_Bacteroidia_Bacteroidales_Bacteroidaceae_Bacteroides_massiliensis.2,5497.0,0.5189515763113601,0.0015182331734035137,0.002171501940149141,0.0061652064570506685,-0.10596056617025931,0.05191445325974474
Bacteria_Firmicutes_Clostridia_Peptostreptococcales-Tissierellales_Peptostreptococcaceae_Romboutsia_sedimentorum.1,6006.5,0.5240194373908056,0.0006095864484226142,0.00019531135096945883,0.0023737428563754717,0.1745239996575377,-0.03596067609520524
Bacteria_Firmicutes_Clostridia_Lachnospirales_Lachnospiraceae_Lachnospira_pectinoschiza.1,6125.0,0.5272458081577698,0.004947192795876153,0.004657240934945741,0.003767614163777446,0.07695901128041828,-0.056398758192480164
Bacteria_Firmicutes_Clostridia_Christensenellales_Christensenellaceae_Christensenellaceae-R-7-group_NA.99,5506.0,0.5287818574674215,0.0014408694419701445,0.0012131012221243203,0.0039006126571226804,0.058392934615004645,0.05036219385995171
Bacteria_Firmicutes_Clostridia_Clostridia-UCG-014_NA_NA_NA.79,5984.0,0.5298810884813642,0.00025133330133404096,0.0003878267825423324,0.001558629412367448,-0.08757276112284283,-0.03208002759572266
Bacteria_Firmicutes_Clostridia_Christensenellales_Christensenellaceae_Christensenellaceae-R-7-group_NA.2,6121.0,0.5323019389782888,0.013960569504671975,0.013939176312592397,0.027829693954286645,0.0007687181941245342,-0.055708865125905484
Bacteria_Bacteroidota_Bacteroidia_Bacteroidales_Bacteroidaceae_Bacteroides_plebeius.2,6024.0,0.5348305420976452,0.0010958698021620566,0.0004716884353556255,0.0062654058350718935,0.0996234534900274,-0.03897895826146947
Bacteria_Firmicutes_Clostridia_Lachnospirales_Lachnospiraceae_Agathobacter_NA.120,5610.0,0.5356439257099662,0.00022594359602844726,0.0004186969507629981,0.0015860510542394866,-0.12153035945427135,0.032424974129010006
Bacteria_Firmicutes_Clostridia_Lachnospirales_Lachnospiraceae_Lachnospira_NA.19,6097.5,0.542528824079836,0.000897055291475974,0.0009537962231830004,0.0013347904917372982,-0.04250924175611649,-0.05165574335977923
Bacteria_Firmicutes_Clostridia_Lachnospirales_Lachnospiraceae_Roseburia_NA.20,5488.5,0.5473160523894971,0.001344200088578184,0.0017192400959901368,0.0020515527517736528,-0.1828078790992408,0.053380476026215935
Bacteria_Bacteroidota_Bacteroidia_Bacteroidales_Bacteroidaceae_Bacteroides_NA.288,5605.5,0.548488035975728,0.000270156946543283,0.0003756928204129556,0.0015434713255004144,-0.06837566213642256,0.03320110382890652
Bacteria_Firmicutes_Clostridia_Lachnospirales_Lachnospiraceae_Lachnospiraceae-NK4A136-group_NA.1,6083.0,0.5502426885516939,0.0006456600352260629,0.0005318288476328038,0.0008203804125605234,0.13875415094075177,-0.04915488099344602
Bacteria_Bacteroidota_Bacteroidia_Bacteroidales_Marinifilaceae_Odoribacter_splanchnicus.3,6082.5,0.5509437087429552,0.0006042679251268722,0.0005297529447399358,0.0008056179186571656,0.0924941944081144,-0.04906864436012418
Bacteria_Bacteroidota_Bacteroidia_Bacteroidales_Bacteroidaceae_Bacteroides_eggerthii.1,6033.0,0.5589395409306286,0.000809729831178576,0.0006842998995265863,0.0027101787206676342,0.04628105545050211,-0.040531217661262504
Bacteria_Firmicutes_Clostridia_Lachnospirales_Lachnospiraceae_Roseburia_hominis.1,5517.5,0.5593185909921468,0.0014462256562393062,0.002027146981393657,0.0032521201489812425,-0.1786284941951883,0.0483787512935495
Bacteria_Firmicutes_Clostridia_Oscillospirales_Eubacterium-coprostanoligenes-group_NA_NA.37,6025.0,0.5624982948043826,0.00042216653741487147,0.0005346136736729361,0.0013511926071130382,-0.08322065682280447,-0.039151431528113144
Bacteria_Firmicutes_Clostridia_Oscillospirales_Eubacterium-coprostanoligenes-group_NA_NA.10,6097.0,0.5627898338227217,0.004758557693956014,0.004931862296698979,0.006308421007647451,-0.027471946233910916,-0.0515695067264574
Bacteria_Firmicutes_Clostridia_Oscillospirales_Oscillospiraceae_NK4A214-group_NA.25,6093.0,0.5667747444417883,0.0018585151586984446,0.0015324368159886517,0.001787228894836916,0.18244912201889363,-0.050879613659882715
Bacteria_Firmicutes_Clostridia_Lachnospirales_Lachnospiraceae_Blautia_NA.26,5974.0,0.5710843217380301,0.00046024948083574343,0.003590236926239025,0.01759073854164461,-0.17793382796255522,-0.030355294929285962
Bacteria_Bacteroidota_Bacteroidia_Bacteroidales_Rikenellaceae_Alistipes_obesi.1,6083.0,0.5739596119343504,0.0013382000829242234,0.0012811775419050337,0.0016460248648024335,0.03464257572198573,-0.04915488099344602
Bacteria_Bacteroidota_Bacteroidia_Bacteroidales_Bacteroidaceae_Bacteroides_NA.356,5974.0,0.5753357910335558,0.00021967338633481682,0.0007579370092280458,0.0034175292511546217,-0.15750080930876453,-0.030355294929285962
Bacteria_Firmicutes_Clostridia_Christensenellales_Christensenellaceae_Christensenellaceae-R-7-group_NA.34,6007.0,0.5763473202409488,0.0003243799149107415,0.00028955840298454285,0.0008083103177258003,0.04307938567970993,-0.03604691272852708
Bacteria_Firmicutes_Clostridia_Oscillospirales_Oscillospiraceae_UCG-002_NA.11,6063.5,0.5805537518837824,0.00133366928729702,0.001114582945152738,0.002882656194550413,0.07600155112443135,-0.045791652293894446
Bacteria_Bacteroidota_Bacteroidia_Bacteroidales_Bacteroidaceae_Bacteroides_coprocola.4,6043.0,0.5848611022574184,0.0022046692225512286,0.0014973388875647612,0.0079412613424067,0.08907027542454633,-0.04225595032769921
Bacteria_Bacteroidota_Bacteroidia_Bacteroidales_Porphyromonadaceae_Porphyromonas_NA.1,5561.0,0.585561050798172,0.0014787502260256349,0.011906531498358254,0.050101380008264224,-0.20813361369711883,0.04087616419454985
Bacteria_Bacteroidota_Bacteroidia_Bacteroidales_Bacteroidaceae_Bacteroides_NA.353,5955.0,0.5862835093731993,0.00041610374666076764,0.00022537279677696022,0.0015954785210175648,0.1195446678668936,-0.027078302863056226
Bacteria_Firmicutes_Clostridia_Oscillospirales_Oscillospiraceae_NK4A214-group_NA.35,5587.0,0.5863183553204312,0.0002796582945927102,0.000279584542440998,0.0005910432656703972,0.0001247829998174176,0.036391859261814416
Bacteria_Firmicutes_Clostridia_Lachnospirales_Lachnospiraceae_Ruminococcus-torques-group_NA.27,5517.0,0.5870305664992117,0.008068419433099243,0.007968938434582018,0.011704794603592457,0.008499166528449087,0.04846498792687134
Bacteria_Firmicutes_Clostridia_Lachnospirales_Lachnospiraceae_Lachnospiraceae_UCG-004_NA.20,6047.5,0.5888133555080638,0.0005422833383629674,0.00038096546926453883,0.0007780606637592019,0.20733327954021077,-0.043032080027595725
Bacteria_Actinobacteriota_Coriobacteriia_Coriobacteriales_Coriobacteriaceae_Collinsella_NA.7,5908.0,0.5900430509717705,0.00014295070043224606,0.0007413592945841303,0.0037347528361625503,-0.16022709410852143,-0.018972059330803724
Bacteria_Firmicutes_Clostridia_Peptostreptococcales-Tissierellales_Anaerovoracaceae_Family-XIII-AD3011-group_NA.13,5584.5,0.591860968679436,0.00035970567577059187,0.0009831844545024697,0.003442057257246225,-0.18113550476806545,0.036823042428423595
Bacteria_Bacteroidota_Bacteroidia_Bacteroidales_Bacteroidaceae_Bacteroides_NA.330,6054.0,0.5929274437569333,0.0013640157731744417,0.0014912015167372757,0.0037371016592515063,-0.03403325763107759,-0.04415315626077958
Bacteria_Firmicutes_Clostridia_Oscillospirales_Oscillospiraceae_NK4A214-group_NA.48,5546.0,0.5974280517631618,0.00083566450126379,0.0009495924634292091,0.0016208192918789174,-0.07029035422779882,0.0434632631942049
Bacteria_Firmicutes_Clostridia_Lachnospirales_Lachnospiraceae_Lachnoclostridium_edouardi.1,5526.0,0.5990734312697381,0.0024742083931166494,0.0029630979706065748,0.0034216100056460048,-0.1428829050310257,0.046912728527078305
Bacteria_Bacteroidota_Bacteroidia_Bacteroidales_Bacteroidaceae_Bacteroides_NA.342,5575.0,0.6001039859912767,0.0005634542075498072,0.0028256090586426647,0.010497008285740208,-0.21550472187069813,0.038461538461538464
Bacteria_Firmicutes_Clostridia_Oscillospirales_Ruminococcaceae_NA_NA.13,5528.0,0.6015872353065805,0.00304863617447947,0.00344333246903474,0.003235550085829474,-0.12198738516949427,0.04656778199379096
Bacteria_Firmicutes_Clostridia_Clostridia-UCG-014_NA_NA_NA.116,5978.0,0.6023263694259596,0.0003487383132692422,0.0001928749188334202,0.0009438402612994012,0.16513747169594373,-0.031045187995860642
Bacteria_Bacteroidota_Bacteroidia_Bacteroidales_Barnesiellaceae_Barnesiella_NA.31,5596.0,0.6024278217268619,0.000871605903562085,0.0016904782604219028,0.005690732759276883,-0.14389576729374853,0.034839599862021384
Bacteria_Bacteroidota_Bacteroidia_Bacteroidales_Prevotellaceae_Prevotella_9_NA.134,5931.0,0.6132508535847467,0.0003768340167967847,0.00010092530067800538,0.0016692257224647123,0.16529143566718077,-0.02293894446360814
Bacteria_Bacteroidota_Bacteroidia_Bacteroidales_Barnesiellaceae_Barnesiella_NA.7,5646.0,0.6167327800650021,0.000458384385822231,0.00039169054505242457,0.0021982513891035055,0.030339496701969837,0.026215936529837874
Bacteria_Firmicutes_Clostridia_Oscillospirales_Eubacterium-coprostanoligenes-group_NA_NA.55,5942.0,0.6177638875088942,0.0002468583328125295,0.00017686689747588755,0.0008264370354247651,0.08469058420242308,-0.024836150396688513
Bacteria_Firmicutes_Clostridia_Christensenellales_Christensenellaceae_Christensenellaceae-R-7-group_NA.63,5968.0,0.6226983499363126,0.0003288631340683645,0.0003164149388970501,0.0009405742193598225,0.013234676131977074,-0.029320455329423938
Bacteria_Bacteroidota_Bacteroidia_Bacteroidales_Barnesiellaceae_Coprobacter_NA.10,6003.0,0.6244671503149788,0.0004695089694859536,0.0002942517096794309,0.0009657499087458067,0.1814727169212209,-0.0353570196619524
Bacteria_Firmicutes_Clostridia_Peptostreptococcales-Tissierellales_Family-XI_Parvimonas_micra.1,5601.0,0.6260061928435976,0.0005222397364392463,0.0013523128382807088,0.0032620420247505147,-0.2544642575243793,0.03397723352880304
Bacteria_Bacteroidota_Bacteroidia_Bacteroidales_Porphyromonadaceae_Porphyromonas_NA.34,5614.0,0.627230797772125,0.0010160370542719723,0.0011846109361303913,0.00444810391678973,-0.03789791898119177,0.03173508106243532
Bacteria_Firmicutes_Clostridia_Lachnospirales_Lachnospiraceae_NA_NA.43,6004.0,0.6308140009330545,0.0003690390812624056,0.0004430324322384376,0.0010068106961982459,-0.07349281374883442,-0.03552949292859607
Bacteria_Firmicutes_Clostridia_Lachnospirales_Lachnospiraceae_Ruminococcus-gnavus-group_NA.10,6044.0,0.6322650221234641,0.008168386013177199,0.003613043683991846,0.029182940061224173,0.15609607255569521,-0.04242842359434288
Bacteria_Bacteroidota_Bacteroidia_Bacteroidales_Muribaculaceae_NA_NA.3,5644.5,0.6325457517808966,0.0010821964398604928,0.00033120295593453005,0.006343260145571729,0.11839235136055962,0.02647464642980338
Bacteria_Firmicutes_Clostridia_Oscillospirales_Oscillospiraceae_NK4A214-group_NA.14,5564.0,0.6334944545965848,0.0009415471851248462,0.0012848037016074403,0.0017647252600338976,-0.1945098901547999,0.04035874439461883
Bacteria_Firmicutes_Clostridia_Christensenellales_Christensenellaceae_Christensenellaceae-R-7-group_NA.97,5553.0,0.6348211130462285,0.004247351722104178,0.007819172564628982,0.016697800573605846,-0.21390965994472164,0.04225595032769921
Bacteria_Firmicutes_Clostridia_Oscillospirales_Oscillospiraceae_Flavonifractor_plautii.1,5579.5,0.6360289511572168,0.0008080717441336385,0.0006678678646040764,0.0018484002195326998,0.07585147309980711,0.03768540876164195
Bacteria_Firmicutes_Clostridia_Lachnospirales_Lachnospiraceae_Blautia_obeum.1,6041.0,0.638661569505641,0.0029825444131832794,0.0031432561653876212,0.002919193108029515,-0.05505348439001483,-0.041911003794411865
Bacteria_Firmicutes_Clostridia_Lachnospirales_Lachnospiraceae_Agathobacter_NA.91,5664.0,0.6424708306240436,0.00029883499819666047,0.00021526243494556535,0.0012763245727274554,0.06547908348462166,0.023111417730251813
Bacteria_Firmicutes_Clostridia_Oscillospirales_Ruminococcaceae_CAG-352_NA.6,5601.5,0.6429390711963276,0.0006547626084795082,0.0006229657997541838,0.0013892580173971766,0.022887619381817086,0.0338909968954812
Bacteria_Bacteroidota_Bacteroidia_Bacteroidales_Tannerellaceae_Parabacteroides_distasonis.9,5567.0,0.6493691782826477,0.002504917878380395,0.0022736051523215128,0.006038761810528952,0.03830466133894772,0.039841324594687824
Bacteria_Firmicutes_Clostridia_Peptostreptococcales-Tissierellales_Peptostreptococcaceae_Peptostreptococcus_stomatis.1,5989.0,0.6522890986142352,0.0009193677261899867,0.0013744922086578921,0.004438967499912388,-0.10252935676525865,-0.032942393928941015
Bacteria_Bacteroidota_Bacteroidia_Bacteroidales_Barnesiellaceae_Barnesiella_NA.23,5932.0,0.6591967216389689,0.0005782142784250699,0.00012571413622210366,0.0024188059259798804,0.18707583661126273,-0.023111417730251813
Bacteria_Bacteroidota_Bacteroidia_Bacteroidales_Prevotellaceae_Prevotella_7_NA.8,5956.0,0.6601265518622776,0.0006436576230949623,0.0008550571058938774,0.002757318082804618,-0.0766685150027701,-0.027250776129699898
Bacteria_Firmicutes_Clostridia_Clostridia-UCG-014_NA_NA_NA.6,5932.0,0.6629467313920725,0.00041971810404898473,0.00016497032325209248,0.00155080460530055,0.16426813534482732,-0.023111417730251813
Bacteria_Firmicutes_Clostridia_Lachnospirales_Lachnospiraceae_Roseburia_inulinivorans.1,6022.0,0.6651801622719231,0.006180812387789026,0.006346310549451035,0.005801710283002136,-0.028525754232658983,-0.03863401172818213
Bacteria_Firmicutes_Clostridia_Clostridia-UCG-014_NA_NA_NA.51,5625.0,0.6657241344349591,0.0005201178035674867,0.0005775878636009402,0.0014147925575334103,-0.040620838530313175,0.02983787512935495
Bacteria_Firmicutes_Clostridia_Lachnospirales_Lachnospiraceae_Ruminococcus-torques-group_NA.29,5953.0,0.6662048279740069,0.0003001452806420215,0.00019990237632115548,0.0007437491320958892,0.13478053283690017,-0.026733356329768886
Bacteria_Firmicutes_Clostridia_Clostridia-UCG-014_NA_NA_NA.28,6011.0,0.6684371891522556,0.0023502219254394325,0.001771789487966758,0.003856547412492978,0.14998711946309506,-0.03673680579510176
Bacteria_Bacteroidota_Bacteroidia_Bacteroidales_Barnesiellaceae_Barnesiella_NA.6,5973.5,0.6765235616011855,0.0008157967543143005,0.00032929727172245377,0.002308554820876113,0.21073767804535684,-0.030269058295964126
Bacteria_Firmicutes_Clostridia_Oscillospirales_Oscillospiraceae_UCG-002_NA.55,5588.0,0.6849897717042133,0.009608933901854803,0.01030915277419223,0.010417501606618803,-0.06721562412743377,0.03621938599517075
Bacteria_Firmicutes_Clostridia_Christensenellales_Christensenellaceae_Christensenellaceae-R-7-group_NA.165,5979.5,0.6867524212265381,0.0011030354624576308,0.001290465847664951,0.0036130756227898755,-0.051875577700362045,-0.03130389789582615
Bacteria_Bacteroidota_Bacteroidia_Bacteroidales_Prevotellaceae_Prevotella_9_NA.66,5649.0,0.6868202546620055,0.0011338559276354086,0.0014478743844538173,0.006217471662031088,-0.05050581231211064,0.025698516729906865
Bacteria_Firmicutes_Clostridia_Oscillospirales_Oscillospiraceae_UCG-005_NA.37,5920.0,0.6916100823442846,0.0003708508668777189,0.00030986527242926663,0.001850286828798699,0.032960075972678915,-0.02104173853052777
Bacteria_Bacteroidota_Bacteroidia_Bacteroidales_Bacteroidaceae_Bacteroides_ovatus.1,5975.5,0.6916419395201878,0.0011522758368538051,0.0019662161499641663,0.004832090749034442,-0.1684447489470276,-0.030614004829251466
Bacteria_Firmicutes_Clostridia_Lachnospirales_Lachnospiraceae_Lachnoclostridium_NA.88,5607.5,0.6964573418586035,0.0006390968507696388,0.0006129836535832233,0.0007973470118986125,0.032750103526738863,0.03285615729561918
Bacteria_Verrucomicrobiota_Verrucomicrobiae_Verrucomicrobiales_Akkermansiaceae_Akkermansia_muciniphila.1,5964.0,0.697662975558617,0.003172092806347071,0.007292617709674703,0.023545665990966164,-0.17500141660501622,-0.028630562262849258
Bacteria_Firmicutes_Clostridia_Lachnospirales_Lachnospiraceae_Lachnospiraceae-ND3007-group_NA.9,5997.0,0.7007086552778927,0.0032415103385505335,0.003044087087667308,0.0016687882967924756,0.11830335295536677,-0.034322180062090375
Bacteria_Firmicutes_Clostridia_Oscillospirales_Oscillospiraceae_UCG-002_NA.61,5928.0,0.7046268649487859,0.001410770945504026,0.0004663596807898375,0.008234999838594766,0.1146826087704386,-0.02242152466367713
Bacteria_Firmicutes_Clostridia_Oscillospirales_Ruminococcaceae_Faecalibacterium_prausnitzii.4,5618.0,0.7062358474115278,0.0017027961312025143,0.001654709641028503,0.003959060753090744,0.012145933890120619,0.031045187995860642
Bacteria_Firmicutes_Clostridia_Peptostreptococcales-Tissierellales_Anaerovoracaceae_Family-XIII-UCG-001_NA.1,5961.0,0.7079105517297407,0.0003490177770012478,0.00030614187695347214,0.0005808095984178663,0.07382092197610067,-0.028113142462918246
Bacteria_Bacteroidota_Bacteroidia_Bacteroidales_Marinifilaceae_Odoribacter_splanchnicus.1,5623.5,0.7105794977808708,0.0005544998354720101,0.0006107480121209986,0.0008699620115087702,-0.06465589980353001,0.030096585029320454
Bacteria_Bacteroidota_Bacteroidia_Bacteroidales_Prevotellaceae_Prevotella_9_NA.109,5955.5,0.718281703033275,0.0033528401794762587,0.003144349184705544,0.015149702644526999,0.01376205194667859,-0.02716453949637806
Bacteria_Bacteroidota_Bacteroidia_Bacteroidales_Rikenellaceae_Rikenellaceae-RC9-gut-group_NA.31,5687.0,0.72134857681295,0.000686916798216511,0.002560736571595101,0.011309643388178135,-0.16568336498896832,0.019144532597447396
Bacteria_Bacteroidota_Bacteroidia_Bacteroidales_Bacteroidaceae_Bacteroides_thetaiotaomicron.1,5614.5,0.7230252574294003,0.006076777161443707,0.004529058789967604,0.019776409666108045,0.07826083690653492,0.03164884442911349
Bacteria_Bacteroidota_Bacteroidia_Bacteroidales_Prevotellaceae_Prevotella_9_NA.113,5911.5,0.7239826828330992,0.0008420161979666068,0.00029076008479975065,0.003495101303545219,0.15772249937582503,-0.019575715764056572
Bacteria_Bacteroidota_Bacteroidia_Bacteroidales_Bacteroidaceae_Bacteroides_uniformis.5,5979.0,0.7267067191311745,0.028189803942366615,0.022775430442059368,0.02561135939191245,0.21140515883811292,-0.03121766126250431
Bacteria_Bacteroidota_Bacteroidia_Bacteroidales_Barnesiellaceae_Barnesiella_NA.40,5625.0,0.7303813355782258,0.0030872276829202482,0.00586562467692371,0.010780790152982576,-0.2577173801342195,0.02983787512935495
Bacteria_Firmicutes_Clostridia_Oscillospirales_Oscillospiraceae_UCG-002_NA.2,5620.5,0.7317996993221774,0.013285417250257451,0.016097278315009487,0.015621397365646043,-0.1800006106326806,0.030614004829251466
Bacteria_Bacteroidota_Bacteroidia_Bacteroidales_Rikenellaceae_Alistipes_finegoldii.2,5968.0,0.7341848388072347,0.001660715285714443,0.0016457076694430248,0.0033998700047560143,0.004414173556760817,-0.029320455329423938
Bacteria_Actinobacteriota_Coriobacteriia_Coriobacteriales_Eggerthellaceae_NA_NA.2,5623.5,0.7348459932186631,0.001706989428720563,0.0020499760001573973,0.0022973252942224778,-0.14929821749641117,0.030096585029320454
Bacteria_Firmicutes_Clostridia_Lachnospirales_Lachnospiraceae_Lachnoclostridium_NA.68,5624.0,0.7366432692022837,0.0020495010880564536,0.004159110999401501,0.007387723236983682,-0.28555616441938825,0.03001034839599862
Bacteria_Firmicutes_Clostridia_Peptostreptococcales-Tissierellales_Peptostreptococcaceae_Romboutsia_NA.10,5970.5,0.7381393126598446,0.0017591164677244909,0.0016836833241277405,0.002032701681766104,0.03710979543796637,-0.029751638496033114
Bacteria_Firmicutes_Clostridia_Oscillospirales_Oscillospiraceae_UCG-002_NA.31,5920.0,0.7398100996403936,0.000928821671509759,0.00040712159200373556,0.003146627181853724,0.16579659723103338,-0.02104173853052777
Bacteria_Firmicutes_Clostridia_Oscillospirales_UCG-010_NA_NA.18,5663.0,0.7410442756633822,0.0005993047702112721,0.0009614345787024898,0.002251595106426298,-0.16083256152834044,0.02328389099689548
Bacteria_Firmicutes_Clostridia_Clostridia-vadinBB60-group_NA_NA_NA.16,5968.0,0.7423985697240054,0.003634958157209084,0.0033709563869285188,0.004175880254744135,0.06322062755047587,-0.029320455329423938
Bacteria_Firmicutes_Clostridia_Oscillospirales_Oscillospiraceae_UCG-002_NA.38,5633.0,0.7478882723665226,0.0035168263982583827,0.0061453556353367805,0.011003177192936961,-0.2388882039240152,0.02845808899620559
Bacteria_Bacteroidota_Bacteroidia_Bacteroidales_Prevotellaceae_Paraprevotella_NA.11,5912.5,0.7484720681155125,0.0005513804964954854,0.0032906963770082598,0.014631504339218646,-0.18722038534139268,-0.01974818903070024
Bacteria_Firmicutes_Clostridia_Lachnospirales_Lachnospiraceae_Eisenbergiella_massiliensis.1,5711.0,0.7496059959288556,0.00012053291358805425,0.00014016003453305785,0.00047753250527361556,-0.04110112029705222,0.01500517419799931
Bacteria_Bacteroidota_Bacteroidia_Bacteroidales_Prevotellaceae_Alloprevotella_NA.39,5707.0,0.770207320716476,0.0005332728233253115,0.0008012408992265724,0.003945728454134257,-0.06791346110513237,0.01569506726457399
Bacteria_Firmicutes_Clostridia_Oscillospirales_Ruminococcaceae_Faecalibacterium_prausnitzii.6,5654.0,0.7726440794778646,0.0018508683898018148,0.0022978699526689053,0.003810442211120443,-0.1173096291980378,0.024836150396688513
Bacteria_Bacteroidota_Bacteroidia_Bacteroidales_Marinifilaceae_Butyricimonas_virosa.2,5709.0,0.7775606316455955,0.00023108160799076814,0.0004830555829917973,0.0013430969779598498,-0.18760668748117873,0.015350120731286651
Bacteria_Firmicutes_Clostridia_Lachnospirales_Lachnospiraceae_Lachnoclostridium_NA.83,5893.5,0.7827256051988589,0.00033452079520186767,0.0001773543577839209,0.0008055518773672378,0.19510405454160112,-0.016471196964470507
Bacteria_Firmicutes_Clostridia_Lachnospirales_Lachnospiraceae_Coprococcus_catus.1,5656.0,0.7836582043089807,0.0012977948832001648,0.001292491049744882,0.0009748199257150012,0.005440834061113977,0.024491203863401173
Bacteria_Bacteroidota_Bacteroidia_Bacteroidales_Bacteroidaceae_Bacteroides_NA.37,5719.0,0.7903649174172226,0.0003976971151524214,0.000368160922917252,0.0020854835087155106,0.01416275511733073,0.013625388064849949
Bacteria_Bacteroidota_Bacteroidia_Bacteroidales_Rikenellaceae_Rikenellaceae-RC9-gut-group_NA.34,5881.5,0.7910534421338067,0.0014574007980974568,0.001040004527576077,0.008575644178568334,0.048672293512889465,-0.014401517764746465
Bacteria_Firmicutes_Clostridia_Christensenellales_Christensenellaceae_Christensenellaceae-R-7-group_NA.43,5897.5,0.7920688444111745,0.0003102239321828244,0.0002397583517972583,0.0006711197156954815,0.10499703516017647,-0.017161090031045188
Bacteria_Firmicutes_Clostridia_Lachnospirales_Lachnospiraceae_Lachnoclostridium_NA.53,5746.0,0.7934719543927624,5.5531814603865096e-05,0.00026170727900468743,0.001128080277823643,-0.1827666598325678,0.008968609865470852
Bacteria_Firmicutes_Clostridia_Lachnospirales_Lachnospiraceae_Lachnospiraceae_UCG-004_NA.7,5664.0,0.7956102569768676,0.0013535205978550994,0.0013173719291832734,0.0010694978006211048,0.033799666208600754,0.023111417730251813
Bacteria_Firmicutes_Clostridia_Oscillospirales_Ruminococcaceae_Ruminococcus_bromii.2,5930.0,0.7979280016801996,0.0027337593348073556,0.0030980836182776662,0.005036200639557475,-0.0723410978920656,-0.02276647119696447
Bacteria_Bacteroidota_Bacteroidia_Bacteroidales_Prevotellaceae_Prevotella_9_NA.78,5910.0,0.7984505609099489,0.002945177434038737,0.0010887923224192008,0.009609870811094582,0.19317482493899318,-0.019317005864091064
Bacteria_Firmicutes_Clostridia_Clostridia-vadinBB60-group_NA_NA_NA.9,5700.0,0.7987524356974851,0.000739958048896372,0.0010331837968713053,0.00378007254445889,-0.07757146047494917,0.016902380131079683
Bacteria_Firmicutes_Clostridia_Lachnospirales_Lachnospiraceae_Blautia_faecis.1,5667.0,0.8005057818229874,0.004542629197023098,0.004273867570654697,0.003228386363256906,0.08324952348555488,0.0225939979303208
Bacteria_Firmicutes_Clostridia_Lachnospirales_Lachnospiraceae_Lachnospiraceae-NK4A136-group_bacterium.1,5927.5,0.8027509689937504,0.0036778666212662773,0.004381390422019803,0.004478092317213353,-0.15710346078602463,-0.022335288030355296
Bacteria_Bacteroidota_Bacteroidia_Bacteroidales_Bacteroidaceae_Bacteroides_NA.359,5872.0,0.8034346551459901,0.0014467704832723195,0.0005365975073272256,0.008370053289632062,0.10874159870314327,-0.012763021731631597
Bacteria_Firmicutes_Clostridia_Lachnospirales_Lachnospiraceae_Butyrivibrio_crossotus.1,5923.5,0.8043569659880326,0.006267798437805518,0.0030074837285437588,0.010312450795043806,0.3161532378732586,-0.021645394963780613
Bacteria_Bacteroidota_Bacteroidia_Bacteroidales_Bacteroidaceae_Bacteroides_uniformis.1,5926.0,0.8049983432115433,0.020120519162640734,0.02230388119904049,0.026689041640677744,-0.08180743489387847,-0.02207657813038979
Bacteria_Firmicutes_Clostridia_Oscillospirales_Butyricicoccaceae_Butyricicoccus_NA.11,5725.5,0.8097319118954014,0.00014135922286473735,0.00017920182132905984,0.00047152741731971054,-0.08025535117221827,0.012504311831666092
Bacteria_Firmicutes_Clostridia_Lachnospirales_Lachnospiraceae_Lachnospiraceae-NK4A136-group_NA.52,5674.0,0.8109983230451863,0.00661705782650827,0.0055305288425100355,0.006623139347656316,0.1640504490340697,0.02138668506381511
Bacteria_Bacteroidota_Bacteroidia_Bacteroidales_Bacteroidaceae_Bacteroides_uniformis.2,5731.0,0.8119284727102205,0.0006683226389959265,0.0004949330976725817,0.004345189375696133,0.03990379390439489,0.011555708865125906
Bacteria_Bacteroidota_Bacteroidia_Bacteroidales_Barnesiellaceae_Barnesiella_intestinihominis.2,5708.0,0.8251486017264273,0.0009417230003669776,0.0003880370824458394,0.0024790906434656694,0.22334234505726155,0.015522593997930321
Bacteria_Bacteroidota_Bacteroidia_Bacteroidales_Bacteroidaceae_Bacteroides_NA.311,5687.0,0.8301000206607949,0.002893709102828188,0.0033327973919257178,0.0047998527359967205,-0.09147953348746855,0.019144532597447396
Bacteria_Bacteroidota_Bacteroidia_Bacteroidales_Rikenellaceae_Alistipes_senegalensis.1,5872.0,0.8324028690340521,0.00022252670735412822,0.0001902409023706139,0.0005390545107908568,0.0598933954492788,-0.012763021731631597
Bacteria_Firmicutes_Clostridia_Lachnospirales_Lachnospiraceae_Anaerostipes_hadrus.3,5873.5,0.8329207863905436,0.00023346789555848523,0.0002603375002623118,0.0006371109991492839,-0.042174134082922414,-0.013021731631597103
Bacteria_Bacteroidota_Bacteroidia_Bacteroidales_Bacteroidaceae_Bacteroides_caccae.1,5901.0,0.8420824908938508,0.0033028150281334853,0.002486308157967556,0.00442070848331943,0.1847004554240204,-0.017764746464298035
Bacteria_Firmicutes_Clostridia_Lachnospirales_Lachnospiraceae_CAG-56_NA.6,5900.0,0.8437244232938961,0.001812391655690482,0.0016385900232620423,0.0015560363965972579,0.1116950945418174,-0.017592273197654364
Bacteria_Firmicutes_Clostridia_Oscillospirales_Ruminococcaceae_CAG-352_NA.8,5897.5,0.8462363658768874,0.0028038104529934816,0.0027913563375811714,0.005253565985354992,0.002370602262735005,-0.017161090031045188
Bacteria_Firmicutes_Clostridia_Lachnospirales_Lachnospiraceae_Lachnoclostridium_NA.92,5877.0,0.8470553044997835,0.00043010660084263376,0.000358650961676481,0.000854774458614299,0.08359589883159554,-0.013625388064849949
Bacteria_Bacteroidota_Bacteroidia_Bacteroidales_Bacteroidaceae_Bacteroides_clarus.1,5876.5,0.8473188593550801,0.0007622589035766687,0.0012890894995213212,0.004297494584567825,-0.12259017098857679,-0.013539151431528113
Bacteria_Firmicutes_Clostridia_Oscillospirales_Oscillospiraceae_NK4A214-group_NA.47,5858.0,0.8567388716036455,0.000254126660789358,0.0001500280468769824,0.0007171591361502111,0.14515413478685968,-0.010348395998620214
Bacteria_Firmicutes_Clostridia_Lachnospirales_Lachnospiraceae_NA_NA.59,5891.0,0.8575411073798582,0.002637266722093861,0.0026363542519133917,0.004006488362616942,0.00022774811702516866,-0.01604001379786133
Bacteria_Firmicutes_Clostridia_Christensenellales_Christensenellaceae_Christensenellaceae-R-7-group_NA.131,5707.0,0.8606281011003828,0.0032829507056564198,0.003762634784270661,0.004853951879095619,-0.09882341040093195,0.01569506726457399
Bacteria_Actinobacteriota_Actinobacteria_Bifidobacteriales_Bifidobacteriaceae_Bifidobacterium_longum.1,5752.5,0.8612917227817654,0.0005391471494214719,0.00042568450433533013,0.0028607493229224168,0.03966186207823104,0.007847533632286996
Bacteria_Firmicutes_Clostridia_Lachnospirales_Lachnospiraceae_Agathobacter_NA.87,5711.0,0.8669817226092503,0.05965295681981095,0.06489162873321168,0.05674862166100575,-0.09231364146066004,0.01500517419799931
Bacteria_Firmicutes_Clostridia_Oscillospirales_Oscillospiraceae_UCG-003_NA.8,5862.0,0.8760160618052757,0.00038329878119025524,0.00036775728306944714,0.0008650447639766867,0.01796612009922177,-0.011038289065194894
Bacteria_Firmicutes_Clostridia_Oscillospirales_Oscillospiraceae_NK4A214-group_NA.18,5744.0,0.8794791687469956,0.0006570258339325245,0.0004909817339767297,0.002727030484518596,0.060888244887041164,0.009313556398758192
Bacteria_Firmicutes_Clostridia_Oscillospirales_Oscillospiraceae_Colidextribacter_NA.17,5736.0,0.8814787892238513,0.00041330846808335016,0.0003787564604891107,0.000852839167350589,0.04051409564311867,0.010693342531907554
Bacteria_Bacteroidota_Bacteroidia_Bacteroidales_Rikenellaceae_Alistipes_NA.28,5850.5,0.8819252057500535,0.00038499162490765427,0.000623471435833895,0.0018823529766965343,-0.12669239716387556,-0.009054846498792688
Bacteria_Bacteroidota_Bacteroidia_Bacteroidales_Tannerellaceae_Parabacteroides_distasonis.7,5740.0,0.8831154861194118,0.00048349627129899177,0.0006338489773125468,0.0014254852690274986,-0.10547475254944538,0.010003449465332874
Bacteria_Proteobacteria_Alphaproteobacteria_Rhodospirillales_NA_NA_NA.4,5850.0,0.8856682795596293,0.0011714545346964802,0.0003923656159445125,0.005383419084535882,0.14472009451947299,-0.008968609865470852
Bacteria_Firmicutes_Clostridia_Christensenellales_Christensenellaceae_Christensenellaceae-R-7-group_NA.154,5845.0,0.8867305509933436,0.0004973380731097939,0.00021843362460506797,0.0016498822584753944,0.16904506189578217,-0.008106243532252502
Bacteria_Bacteroidota_Bacteroidia_Bacteroidales_Bacteroidaceae_Bacteroides_salyersiae.1,5751.0,0.8898351234828831,0.0003706191752055016,0.0006295223492463577,0.0023279028275273537,-0.11121734592154658,0.008106243532252502
Bacteria_Firmicutes_Clostridia_Oscillospirales_Ruminococcaceae_Ruminococcus_NA.10,5742.0,0.8920224601529856,0.0010292173797477964,0.0011490025563273313,0.0038709282814776824,-0.03094481939970438,0.009658502932045532
Bacteria_Firmicutes_Clostridia_Oscillospirales_Oscillospiraceae_Colidextribacter_NA.10,5744.0,0.892877084341053,0.0002701918627355288,0.00028958718035351446,0.0005594771344817821,-0.03466686379587367,0.009313556398758192
Bacteria_Firmicutes_Clostridia_Oscillospirales_Oscillospiraceae_Colidextribacter_NA.14,5745.0,0.8932155504614497,0.0004596407954169137,0.0006172884733636702,0.0016251581794340072,-0.0970045131247842,0.009141083132114522
Bacteria_Bacteroidota_Bacteroidia_Bacteroidales_Prevotellaceae_Prevotella_9_NA.108,5747.0,0.8955425947206903,0.001352902398133655,0.0010826562810726434,0.00501005493505717,0.05394074926604128,0.008796136598827182
Bacteria_Firmicutes_Clostridia_Lachnospirales_Lachnospiraceae_Blautia_NA.18,5865.0,0.8967975731640332,0.0011722959339437052,0.0010722114011695867,0.0010531109499457175,0.09503702604106183,-0.011555708865125906
Bacteria_Actinobacteriota_Coriobacteriia_Coriobacteriales_Eggerthellaceae_Slackia_isoflavoniconvertens.1,5847.0,0.89786879485691,0.0003689956479889437,0.00022513039376916984,0.000761258008257981,0.18898356754103227,-0.008451190065539842
Bacteria_Bacteroidota_Bacteroidia_Bacteroidales_Bacteroidaceae_Bacteroides_NA.343,5829.0,0.900097117561196,0.0002563252979730219,9.584481117818793e-05,0.0010354843292598814,0.15498108687896647,-0.005346671265953777
Bacteria_Verrucomicrobiota_Verrucomicrobiae_Verrucomicrobiales_Akkermansiaceae_Akkermansia_NA.5,5753.0,0.9038364288934193,0.0018015791133175107,0.0017270061870546737,0.00769913978393638,0.009685877689664404,0.007761296998965161
Bacteria_Bacteroidota_Bacteroidia_Bacteroidales_Prevotellaceae_Prevotellaceae-NK3B31-group_NA.2,5761.5,0.904177421924695,0.0005611015710044878,0.0001703651796255619,0.002554302090135749,0.15297187943739265,0.006295274232493963
Bacteria_Firmicutes_Clostridia_Oscillospirales_Ruminococcaceae_Ruminococcus_NA.26,5848.5,0.9163832692684971,0.0017559122483386338,0.0018477456904360254,0.004255664777216005,-0.021579106180789863,-0.008709899965505346
Bacteria_Bacteroidota_Bacteroidia_Bacteroidales_Prevotellaceae_Prevotella_9_NA.69,5824.0,0.916408695102217,0.0004530441678662066,0.00010770512469528329,0.0031159814121234195,0.11082833865032214,-0.004484304932735426
Bacteria_Bacteroidota_Bacteroidia_Bacteroidales_Rikenellaceae_Alistipes_NA.47,5747.0,0.9221009706374543,0.010642057450143003,0.012222192747831763,0.02193823451702646,-0.07202654782737433,0.008796136598827182
Bacteria_Firmicutes_Clostridia_Lachnospirales_Lachnospiraceae_Dorea_NA.31,5838.0,0.9230347828487427,0.00031866760791493336,0.0002780205851830856,0.000586145127256904,0.06934634588207095,-0.006898930665746809
Bacteria_Bacteroidota_Bacteroidia_Bacteroidales_Muribaculaceae_NA_NA.137,5774.0,0.9381198554475063,0.0008668940673301266,0.000313873307978324,0.004609555935569783,0.11997267569407295,0.004139358399448086
Bacteria_Firmicutes_Clostridia_Oscillospirales_Ruminococcaceae_Eubacterium-siraeum-group_NA.13,5824.0,0.9383302337314,0.0002444688935151519,0.00039965901805383085,0.0012678639978272164,-0.12240281670954753,-0.004484304932735426
Bacteria_Firmicutes_Clostridia_Oscillospirales_Oscillospiraceae_UCG-002_NA.13,5772.0,0.9404967563150876,0.00041399578998777865,0.000727600484800971,0.002971179027413244,-0.10554890564309805,0.004484304932735426
Bacteria_Bacteroidota_Bacteroidia_Bacteroidales_Bacteroidaceae_Bacteroides_intestinalis.3,5818.5,0.9479386144008342,0.00021557286332470434,0.0003394248366811951,0.0013155085441938024,-0.09414760086745945,-0.0035357019661952397
Bacteria_Firmicutes_Clostridia_Oscillospirales_Ruminococcaceae_Ruminococcus_bromii.1,5765.5,0.9489334829170315,0.002003741538974423,0.001316229421384601,0.003899255044118467,0.17631883778078256,0.005605381165919282
Bacteria_Firmicutes_Clostridia_Lachnospirales_Lachnospiraceae_Ruminococcus-torques-group_NA.24,5770.0,0.951005164253127,0.0007404904605119732,0.0005481942546334503,0.0013594590462308292,0.14145053240969202,0.004829251466022766
Bacteria_Firmicutes_Clostridia_Christensenellales_Christensenellaceae_Christensenellaceae-R-7-group_NA.96,5827.0,0.9542892196192454,0.001284767868376123,0.0014632009001368013,0.0031783051174843124,-0.05614093838225052,-0.005001724732666437
Bacteria_Bacteroidota_Bacteroidia_Bacteroidales_Rikenellaceae_Rikenellaceae-RC9-gut-group_NA.51,5815.0,0.956530119034434,0.0007764107075118847,0.0002007540167815558,0.003484234059256847,0.16521757176471402,-0.002932045532942394
Bacteria_Firmicutes_Clostridia_Oscillospirales_Eubacterium-coprostanoligenes-group_NA_NA.48,5773.0,0.958153778767902,0.0008282794424608667,0.0006902886501918368,0.0013982903570851702,0.09868536357261369,0.004311831666091756
Bacteria_Actinobacteriota_Actinobacteria_Bifidobacteriales_Bifidobacteriaceae_Bifidobacterium_NA.21,5817.0,0.9694281226235392,0.004503542423995318,0.008358334139240432,0.037216657972474705,-0.10357705192379452,-0.003276992066229734
Bacteria_Firmicutes_Clostridia_Clostridia-UCG-014_NA_NA_NA.53,5814.0,0.9732201974182868,0.0006762289824261936,0.0006861282109399201,0.0013253658185810768,-0.007469053732142016,-0.0027595722662987236
Bacteria_Bacteroidota_Bacteroidia_Bacteroidales_Rikenellaceae_Alistipes_NA.40,5811.0,0.9765038596544949,0.002298058182913515,0.00286730049042326,0.010562136699750695,-0.053894616562118636,-0.002242152466367713
Bacteria_Firmicutes_Clostridia_Oscillospirales_Oscillospiraceae_Intestinimonas_NA.16,5813.0,0.9772113502090667,0.0007756362471115524,0.0008386445503726908,0.0007337002420285022,-0.08587744647178508,-0.0025870989996550535
Bacteria_Firmicutes_Clostridia_Clostridiales_Clostridiaceae_Clostridium-sensu-stricto-12_NA.29,5783.0,0.9773606700273215,0.003571136878500025,0.002410386536902509,0.012028646606868231,0.09649883145912189,0.0025870989996550535
Bacteria_Bacteroidota_Bacteroidia_Bacteroidales_Prevotellaceae_Prevotella_7_NA.18,5809.0,0.9818569998158249,0.003912648738345627,0.003730290613870137,0.018673424296440273,0.009765649919401948,-0.0018972059330803726
Bacteria_Firmicutes_Clostridia_Clostridia-UCG-014_NA_NA_NA.103,5804.0,0.9847403679410622,0.0001804516597557792,0.00016086682406386374,0.0005577795810806572,0.03511214170653447,-0.0010348395998620215
Bacteria_Bacteroidota_Bacteroidia_Bacteroidales_Prevotellaceae_Prevotella_9_NA.75,5791.5,0.9878249941641479,0.0012294863771204593,0.002196945917934198,0.0084441839714449,-0.11457111120332387,0.0011210762331838565
Bacteria_Proteobacteria_Alphaproteobacteria_Rhodospirillales_NA_NA_NA.5,5793.0,0.989001708207804,0.000506188294074377,0.0006496982518470495,0.002295186463782347,-0.06252649187211377,0.0008623663332183512
Bacteria_Firmicutes_Clostridia_Clostridia-UCG-014_NA_NA_NA.22,5792.5,0.9912537673342035,0.0016805609312800494,0.0011102290199392155,0.004908528057129094,0.11619204468282296,0.0009486029665401863
Bacteria_Actinobacteriota_Coriobacteriia_Coriobacteriales_Coriobacteriaceae_Collinsella_aerofaciens.1,5804.0,0.9915027867022977,0.0171639726900383,0.022017089586165408,0.03008520348701326,-0.16131241718946757,-0.0010348395998620215
Bacteria_Firmicutes_Clostridia_Peptostreptococcales-Tissierellales_Peptostreptococcaceae_Intestinibacter_bartlettii.1,5802.0,0.994582261261924,0.001975317594651356,0.0018922105258034794,0.002054460927063145,0.04045200750869382,-0.0006898930665746809
Bacteria_Firmicutes_Clostridia_Christensenellales_Christensenellaceae_Christensenellaceae-R-7-group_NA.104,5801.5,0.9953383138123169,0.0019772008633863547,0.002179562534731864,0.0027667181233020617,-0.07314141243416296,-0.0006036564332528458
Bacteria_Firmicutes_Clostridia_Clostridia-UCG-014_NA_NA_NA.30,5801.0,0.995489766781516,0.001861111324173351,0.0023890896871355998,0.007365103905230357,-0.0716864785284703,-0.0005174197999310107
Bacteria_Firmicutes_Clostridia_Clostridia-vadinBB60-group_NA_NA_NA.56,5797.0,0.9988693196960675,0.0003768181394177783,0.00024055731343647994,0.0010220715338012326,0.13331828690554026,0.00017247326664367022
Bacteria_Firmicutes_Clostridia_Oscillospirales_Oscillospiraceae_NA_NA.16,5797.0,0.9992166695742569,0.0012579388797395634,0.0013524995553736486,0.0014652835035044148,-0.06453404778524505,0.00017247326664367022
