ASV,MannWU_stat,p_value,Local_right_colon_pos_mean,Local_right_colon_neg_mean,Local_right_colon_pooled_stdev,Local_right_colon_cohens_d,Local_right_colon_cliffs_delta
Bacteria_Actinobacteriota_Actinobacteria_Bifidobacteriales_Bifidobacteriaceae_Bifidobacterium_NA.12,8580.0,9.249112317752678e-05,0.0216289968263976,0.01747616744358075,0.04125280829778003,0.10066779824636402,-0.3302325581395349
Bacteria_Firmicutes_Clostridia_Clostridia-vadinBB60-group_NA_NA_NA.16,8576.0,9.317551674252267e-05,0.004051636629055519,0.0019130587655162023,0.00358127554410654,0.5971553535048786,-0.3296124031007752
Bacteria_Firmicutes_Clostridia_Lachnospirales_Lachnospiraceae_Lachnoclostridium_NA.98,5226.0,0.0011030111939539082,0.00021554993037005088,0.0007410698447701282,0.0013156766015656196,-0.3994293991203635,0.18976744186046512
Bacteria_Bacteroidota_Bacteroidia_Bacteroidales_Prevotellaceae_Paraprevotella_NA.11,5264.0,0.0015695724819982015,0.001116410492198005,0.0009007634416725272,0.007350716231233041,0.02933687599164799,0.18387596899224806
Bacteria_Firmicutes_Clostridia_Peptostreptococcales-Tissierellales_Peptostreptococcaceae_Intestinibacter_bartlettii.1,4733.0,0.0015923546014528715,0.001743218836688184,0.0027349786843512297,0.002481009087832225,-0.39974051386066994,0.2662015503875969
Bacteria_Firmicutes_Clostridia_Clostridia-UCG-014_NA_NA_NA.53,7980.0,0.001685468704777941,0.0007549048274322614,0.0004028865358663473,0.0013446372184022653,0.26179424959260894,-0.2372093023255814
Bacteria_Bacteroidota_Bacteroidia_Bacteroidales_Bacteroidaceae_Bacteroides_coprocola.4,7875.0,0.0025472195738937024,0.002571852995898762,0.00027590774440096176,0.00725606159023088,0.3164175528207921,-0.22093023255813954
Bacteria_Firmicutes_Clostridia_Lachnospirales_Lachnospiraceae_Eubacterium-hallii-group_NA.9,8081.0,0.0027588301712497144,0.0031358544852840824,0.002394509117570544,0.0016876747613820899,0.4392702816189699,-0.25286821705426354
Bacteria_Bacteroidota_Bacteroidia_Bacteroidales_Prevotellaceae_Prevotella_intermedia.3,5499.5,0.003275694978305967,0.001296346691408085,0.002818950796926916,0.015125391596688029,-0.10066543373675245,0.14736434108527133
Bacteria_Firmicutes_Clostridia_Lachnospirales_Lachnospiraceae_Blautia_NA.26,5508.0,0.003962085477011407,0.0011099489153269775,0.0008448156265916654,0.00882315599982134,0.030049711094384004,0.14604651162790697
Bacteria_Bacteroidota_Bacteroidia_Bacteroidales_Bacteroidaceae_Bacteroides_NA.366,8016.5,0.003999569998883515,0.005505769616902489,0.0034695789432290115,0.006350625209773222,0.32062838010656103,-0.24286821705426356
Bacteria_Firmicutes_Clostridia_Lachnospirales_Lachnospiraceae_Roseburia_NA.19,8001.0,0.004227491792776601,0.0015777043004751134,0.001048730000657956,0.0013479624367773565,0.39242510427946614,-0.24046511627906977
Bacteria_Firmicutes_Clostridia_Oscillospirales_Oscillospiraceae_UCG-002_NA.17,4960.0,0.004820377137499823,0.0016367829175003381,0.0023840425712786367,0.0027814552894219083,-0.26865779817500046,0.2310077519379845
Bacteria_Firmicutes_Clostridia_Oscillospirales_Ruminococcaceae_UBA1819_NA.4,4968.0,0.005128612360106492,0.0008856989624581738,0.0021875486158192824,0.00396218577905873,-0.3285685543171023,0.2297674418604651
Bacteria_Firmicutes_Clostridia_Lachnospirales_Lachnospiraceae_Lachnospiraceae-NK4A136-group_NA.10,5418.0,0.006323811410563225,0.00028289819019663596,0.0006729693841750067,0.0011635016918480252,-0.33525623272520455,0.16
Bacteria_Firmicutes_Clostridia_Clostridia-UCG-014_NA_NA_NA.28,7857.0,0.007194452720199781,0.0025359093732263325,0.001183533791726724,0.003695226353906655,0.36597909085321784,-0.21813953488372093
Bacteria_Firmicutes_Clostridia_Peptostreptococcales-Tissierellales_Peptostreptococcaceae_Romboutsia_sedimentorum.1,5536.0,0.00797553771812083,0.00033503499763750554,0.0012343573959431857,0.004279163325795284,-0.2101631393418574,0.14170542635658914
Bacteria_Firmicutes_Clostridia_Oscillospirales_Ruminococcaceae_NA_NA.68,5763.0,0.0086638690562507,4.9292571776677656e-05,0.0001502113400054951,0.0003033618246800778,-0.33266798924105007,0.10651162790697674
Bacteria_Firmicutes_Clostridia_Lachnospirales_Lachnospiraceae_Ruminococcus-torques-group_NA.27,5028.0,0.009062522792081074,0.006788437358996516,0.012568804999919083,0.01761277838028407,-0.3281916978750593,0.22046511627906976
Bacteria_Firmicutes_Clostridia_Oscillospirales_Oscillospiraceae_NA_NA.16,5064.0,0.009900260666780354,0.0011870322152848808,0.0015939736795850497,0.001406110966638748,-0.2894092101940903,0.21488372093023256
Bacteria_Bacteroidota_Bacteroidia_Bacteroidales_Tannerellaceae_Parabacteroides_distasonis.7,7509.0,0.01028703613163671,0.0005743722100085228,0.0002881631694682535,0.0012105924319355272,0.23642064248053388,-0.1641860465116279
Bacteria_Firmicutes_Clostridia_Oscillospirales_Oscillospiraceae_UCG-005_NA.22,7838.0,0.010854563450479025,0.004495189419541705,0.003354612753442711,0.0033017934793975524,0.34544155266401,-0.2151937984496124
Bacteria_Bacteroidota_Bacteroidia_Bacteroidales_Bacteroidaceae_Bacteroides_NA.398,7832.0,0.011204660831078152,0.04286786911477309,0.034482703026872306,0.042690917360199095,0.19641569229239159,-0.21426356589147286
Bacteria_Bacteroidota_Bacteroidia_Bacteroidales_Prevotellaceae_Prevotella_9_NA.66,5478.0,0.012393506843372041,0.0011887634066732832,0.0012092534569923133,0.005565079405002392,-0.0036818972071830385,0.15069767441860465
Bacteria_Bacteroidota_Bacteroidia_Bacteroidales_Tannerellaceae_Parabacteroides_distasonis.1,5298.5,0.012737625620749067,0.0010200030817200771,0.0014657831002426519,0.003189549699850476,-0.13976268140404666,0.17852713178294574
Bacteria_Firmicutes_Clostridia_Clostridia-UCG-014_NA_NA_NA.79,7219.0,0.013607886483521136,0.0003478397317723523,2.381294264394458e-05,0.0009519151161318215,0.34039462514800156,-0.11922480620155039
Bacteria_Firmicutes_Clostridia_Lachnospirales_Lachnospiraceae_Lachnospira_pectinoschiza.1,7791.0,0.013855762694097568,0.00522784298518005,0.003690238004730829,0.0033308240156167024,0.46162900628796305,-0.20790697674418604
Bacteria_Firmicutes_Clostridia_Lachnospirales_Lachnospiraceae_Ruminococcus-gnavus-group_NA.10,5135.0,0.01512647494373449,0.007562469861304516,0.006391622205427011,0.030243642258837983,0.038713844247226965,0.20387596899224805
Bacteria_Firmicutes_Clostridia_Oscillospirales_Oscillospiraceae_UCG-002_NA.55,7741.5,0.01778304858279528,0.010038884563327376,0.00867513372093718,0.009054695193922288,0.150612562121978,-0.2002325581395349
Bacteria_Firmicutes_Clostridia_Lachnospirales_Lachnospiraceae_Lachnospiraceae-NK4A136-group_NA.48,5160.5,0.01778423549667331,0.0015630113104712533,0.002115054070190873,0.0016434751391468923,-0.33589967172012003,0.19992248062015505
Bacteria_Firmicutes_Clostridia_Lachnospirales_Lachnospiraceae_Ruminococcus-torques-group_NA.29,7342.0,0.018279626982954662,0.0003147410169452019,0.00016096670847754116,0.000811686843542716,0.18945029070138944,-0.13829457364341086
Bacteria_Firmicutes_Clostridia_Oscillospirales_Oscillospiraceae_UCG-005_NA.62,7733.0,0.018478902573615143,0.0033057608254149066,0.0021203177309172916,0.00307939690803961,0.3849595001549462,-0.19891472868217056
Bacteria_Firmicutes_Clostridia_Oscillospirales_Oscillospiraceae_UCG-002_NA.64,7705.5,0.02122125268796185,0.005310407857988939,0.003553937534247685,0.004741992620207066,0.3704076459875544,-0.19465116279069766
Bacteria_Firmicutes_Clostridia_Lachnospirales_Lachnospiraceae_Lachnospira_pectinoschiza.2,7682.0,0.02307961859747131,0.0016607248008846088,0.0012001807154498965,0.0014095612795013142,0.32672867234097636,-0.1910077519379845
Bacteria_Firmicutes_Clostridia_Clostridiales_Clostridiaceae_Clostridium-sensu-stricto-12_NA.29,5234.0,0.024106790607440427,0.0031709393546614003,0.003999194376203916,0.01286561955557469,-0.06437739107430951,0.18852713178294572
Bacteria_Bacteroidota_Bacteroidia_Bacteroidales_Prevotellaceae_Prevotella_7_NA.11,7457.0,0.02509344527444184,0.004028488665950895,0.0036617986654827314,0.022069638445935763,0.016615134016193717,-0.15612403100775193
Bacteria_Verrucomicrobiota_Verrucomicrobiae_Verrucomicrobiales_Akkermansiaceae_Akkermansia_NA.4,7299.0,0.02575541880787911,0.002605440925562783,0.0006682193465434305,0.009747566591501196,0.19873899406939127,-0.13162790697674417
Bacteria_Bacteroidota_Bacteroidia_Bacteroidales_Bacteroidaceae_Bacteroides_NA.383,7123.0,0.026604386952536974,0.000986588845353537,0.00010015656477703615,0.005752144102289401,0.15410467206892356,-0.10434108527131783
Bacteria_Firmicutes_Clostridia_Oscillospirales_Oscillospiraceae_NK4A214-group_NA.14,7588.5,0.02757713302683433,0.0010867760275258347,0.0007186328141395525,0.0014430032641786891,0.255122924892216,-0.17651162790697675
Bacteria_Firmicutes_Clostridia_Oscillospirales_Oscillospiraceae_NK4A214-group_NA.35,7346.0,0.02817087505807057,0.00031535008621578375,0.00015169878941187937,0.0005805659812522448,0.28188233911142824,-0.13891472868217053
Bacteria_Firmicutes_Clostridia_Lachnospirales_Lachnospiraceae_Ruminococcus-torques-group_NA.19,5263.0,0.0293850001992205,0.0038816915440121162,0.006365112927865071,0.006283701162331695,-0.3952163414040255,0.18403100775193798
Bacteria_Firmicutes_Clostridia_Christensenellales_Christensenellaceae_Christensenellaceae-R-7-group_NA.119,7631.0,0.03017429219130204,0.0033469967577398935,0.002662837341449158,0.002915178111988104,0.23468871883925813,-0.18310077519379844
Bacteria_Firmicutes_Clostridia_Lachnospirales_Lachnospiraceae_Coprococcus_comes.1,5269.0,0.03021645494856255,0.004505313267835884,0.00550399531414368,0.002743702729415778,-0.36399061589316106,0.18310077519379844
Bacteria_Verrucomicrobiota_Verrucomicrobiae_Verrucomicrobiales_Akkermansiaceae_Akkermansia_NA.5,7291.0,0.030500413998398344,0.0022178337242894108,0.00024537022124040937,0.006593416324325806,0.2991565231171249,-0.1303875968992248
Bacteria_Firmicutes_Clostridia_Oscillospirales_Oscillospiraceae_Colidextribacter_NA.10,5543.5,0.030606154446194772,0.00023235748699647246,0.0004225743177360684,0.0005956260912765769,-0.3193561086820648,0.14054263565891473
Bacteria_Actinobacteriota_Actinobacteria_Bifidobacteriales_Bifidobacteriaceae_Bifidobacterium_NA.21,5351.0,0.03095701046585754,0.0048994927613030936,0.00642553986852155,0.0258197034976393,-0.05910397489103556,0.1703875968992248
Bacteria_Actinobacteriota_Coriobacteriia_Coriobacteriales_Eggerthellaceae_Slackia_isoflavoniconvertens.1,5605.0,0.03409220878275414,0.0002405880038563487,0.000704439819140272,0.0011855566567066627,-0.39125233927870573,0.1310077519379845
Bacteria_Firmicutes_Clostridia_Lachnospirales_Lachnospiraceae_Hungatella_hathewayi.2,5786.0,0.03540899373390165,0.00011173849406136305,0.0005879579304055045,0.001519638403969527,-0.31337681062822825,0.10294573643410852
Bacteria_Firmicutes_Clostridia_Oscillospirales_Oscillospiraceae_UCG-005_NA.37,5770.5,0.03557427007776315,0.00022284950511302704,0.0008483348980125395,0.0030897666185015047,-0.20243774696577713,0.10534883720930233
Bacteria_Firmicutes_Clostridia_Oscillospirales_Ruminococcaceae_Ruminococcus_NA.26,7490.0,0.03849976499812842,0.002051961370718391,0.0007746585429622423,0.003389969190546429,0.37678891929700997,-0.16124031007751938
Bacteria_Firmicutes_Clostridia_Clostridia-vadinBB60-group_NA_NA_NA.9,5617.0,0.03901561280008624,0.0008774353084059302,0.0005014601838987305,0.002902025409109419,0.12955611047615878,0.12914728682170543
Bacteria_Firmicutes_Clostridia_Oscillospirales_Oscillospiraceae_UCG-002_NA.2,7572.0,0.03950140538609078,0.014556785339734432,0.011166627852416698,0.013220233305328177,0.2564370392730809,-0.173953488372093
Bacteria_Bacteroidota_Bacteroidia_Bacteroidales_Bacteroidaceae_Bacteroides_eggerthii.2,7502.0,0.04306915226279244,0.0024968514105037933,0.0019651022747779173,0.0053795561200013445,0.09884628468672675,-0.16310077519379845
Bacteria_Firmicutes_Clostridia_Clostridia-vadinBB60-group_NA_NA_NA.56,7187.0,0.047807740665844554,0.0004105839374608853,0.0001377313139128529,0.0010101952036081544,0.27009891016456405,-0.11426356589147287
Bacteria_Bacteroidota_Bacteroidia_Bacteroidales_Prevotellaceae_Prevotella_9_NA.75,5630.5,0.04828323395859886,0.0013085380258597498,0.0017846829045099091,0.007650211592036497,-0.062239439121632045,0.12705426356589147
Bacteria_Bacteroidota_Bacteroidia_Bacteroidales_Bacteroidaceae_Bacteroides_NA.331,7155.5,0.048432453991940495,0.0004239721632103595,0.0001516465513567419,0.0013280935005797277,0.20505002978686698,-0.10937984496124031
Bacteria_Firmicutes_Clostridia_Oscillospirales_Oscillospiraceae_UCG-002_NA.11,7447.5,0.04871663006354009,0.0014959445282845092,0.0005623081772334731,0.0023661400393139164,0.39458203468031094,-0.15465116279069768
Bacteria_Firmicutes_Clostridia_Lachnospirales_Lachnospiraceae_Bacteroides-pectinophilus-group_NA.1,5869.0,0.04892207448758686,0.00028429450502827944,0.0002674491502032771,0.0011844231402681833,0.014222412795133416,0.09007751937984496
Bacteria_Firmicutes_Clostridia_Lachnospirales_Lachnospiraceae_Roseburia_NA.20,5405.5,0.05388997247072899,0.001310395634759014,0.0017903673878539026,0.0017262265517898675,-0.27804679090193674,0.16193798449612404
Bacteria_Firmicutes_Clostridia_Oscillospirales_Oscillospiraceae_UCG-002_NA.38,7490.5,0.054021253693403076,0.004386375477508884,0.002679000869745366,0.007537615326973602,0.22651389513784578,-0.16131782945736434
Bacteria_Firmicutes_Clostridia_Oscillospirales_Oscillospiraceae_UCG-002_NA.30,7463.5,0.05700191701556302,0.001976678328451276,0.005332667938063116,0.0212690266559446,-0.15778764415972255,-0.15713178294573643
Bacteria_Firmicutes_Clostridia_Lachnospirales_Lachnospiraceae_Eisenbergiella_massiliensis.1,5909.0,0.05865090140582212,9.17438677209401e-05,0.00024070383276421643,0.0005821712951101601,-0.25586964918132854,0.08387596899224806
Bacteria_Bacteroidota_Bacteroidia_Bacteroidales_Barnesiellaceae_Barnesiella_NA.44,7342.0,0.05895048117846222,0.0019467992044930986,0.0038280381833510134,0.010714551951218012,-0.1755779417956958,-0.13829457364341086
Bacteria_Firmicutes_Clostridia_Oscillospirales_Eubacterium-coprostanoligenes-group_NA_NA.15,5939.5,0.06044683507840795,0.00011792272016455372,0.0006807939174442878,0.0020525113180029377,-0.2742353683230352,0.07914728682170542
Bacteria_Firmicutes_Clostridia_Lachnospirales_Lachnospiraceae_Lachnospiraceae-ND3007-group_NA.9,7471.0,0.0609989031417749,0.003306337403288146,0.0028381132058086277,0.001619294727330881,0.28915316623756465,-0.15829457364341085
Bacteria_Firmicutes_Clostridia_Oscillospirales_Ruminococcaceae_CAG-352_NA.8,7454.5,0.06223697537941037,0.0027733270534721854,0.002902249067920792,0.005776899163501307,-0.022316819248489078,-0.15573643410852714
Bacteria_Firmicutes_Clostridia_Peptostreptococcales-Tissierellales_Family-XI_Parvimonas_micra.1,5658.0,0.06271549664414992,0.0007127349306472403,0.0005590286454565353,0.0019926300436836713,0.07713739220079018,0.12279069767441861
Bacteria_Bacteroidota_Bacteroidia_Bacteroidales_Prevotellaceae_Prevotella_7_NA.18,7355.0,0.06326669903261183,0.004350392183456563,0.0021860243521526837,0.01813248995895607,0.11936407168585507,-0.14031007751937985
Bacteria_Actinobacteriota_Coriobacteriia_Coriobacteriales_Eggerthellaceae_NA_NA.2,7455.5,0.06363899518772448,0.0018632235052717689,0.0014444056829906661,0.001906470404713714,0.21968230990923496,-0.15589147286821706
Bacteria_Bacteroidota_Bacteroidia_Bacteroidales_Porphyromonadaceae_Porphyromonas_NA.22,7149.0,0.06445619625451368,0.004114558419609716,0.0003567644368022366,0.021092655721200067,0.1781565125073629,-0.10837209302325582
Bacteria_Firmicutes_Clostridia_Oscillospirales_Ruminococcaceae_Ruminococcus_NA.10,7239.0,0.06747548822556547,0.0012513159706747739,0.00033717791529505804,0.0036098775175746516,0.25323242988972455,-0.12232558139534884
Bacteria_Firmicutes_Clostridia_Lachnospirales_Lachnospiraceae_Agathobacter_NA.120,5866.0,0.06761060317502668,0.00027550130852606726,0.00021541470034858632,0.001250282898563818,0.04805841001784601,0.09054263565891472
Bacteria_Bacteroidota_Bacteroidia_Bacteroidales_Bacteroidaceae_Bacteroides_uniformis.3,7261.0,0.06804326118434766,0.001495899713576608,0.00037562306728909715,0.004013678479880246,0.27911469538559947,-0.12573643410852714
Bacteria_Firmicutes_Clostridia_Christensenellales_Christensenellaceae_Christensenellaceae-R-7-group_NA.128,7442.0,0.06838197931763168,0.004773551504697438,0.002959874218792064,0.00689794333728115,0.2629301513833893,-0.1537984496124031
Bacteria_Firmicutes_Clostridia_Lachnospirales_Lachnospiraceae_Eubacterium-ruminantium-group_NA.2,7437.0,0.06996387544026705,0.004912904176007389,0.0037613489059299624,0.005049864501072941,0.22803686511445143,-0.15302325581395348
Bacteria_Bacteroidota_Bacteroidia_Bacteroidales_Rikenellaceae_Alistipes_finegoldii.1,5741.0,0.0700252116998608,0.0005801472163009165,0.0005883715376376403,0.0017376340044319963,-0.0047330573157218225,0.10992248062015504
Bacteria_Bacteroidota_Bacteroidia_Bacteroidales_Bacteroidaceae_Bacteroides_salyersiae.1,5815.0,0.07313961100639907,0.00036735260066854067,0.0006067071514650203,0.0018489043911534512,-0.12945750572162182,0.09844961240310078
Bacteria_Firmicutes_Clostridia_Lachnospirales_Lachnospiraceae_Blautia_NA.51,5481.0,0.0753977394323529,0.010670250438903477,0.01326133815738606,0.00840274037236118,-0.3083622251385216,0.15023255813953487
Bacteria_Bacteroidota_Bacteroidia_Bacteroidales_Bacteroidaceae_Bacteroides_NA.374,5809.0,0.08038877749248279,0.00036516180946430117,0.001905565649018995,0.005483514298489028,-0.28091544139479113,0.0993798449612403
Bacteria_Firmicutes_Clostridia_Lachnospirales_Lachnospiraceae_Blautia_faecis.1,5499.0,0.08098632601995878,0.004184956228343596,0.005591363925272031,0.004254746040451785,-0.33055032745952034,0.1474418604651163
Bacteria_Firmicutes_Clostridia_Lachnospirales_Lachnospiraceae_Agathobacter_NA.91,6967.0,0.0885807532005303,0.0003079683408894657,0.00019367763206315952,0.0013526629477424966,0.08449311708955261,-0.08015503875968992
Bacteria_Firmicutes_Clostridia_Lachnospirales_Lachnospiraceae_Lachnoclostridium_NA.64,5573.0,0.09093813969108652,0.001457687421732519,0.003098425717226098,0.006022819436092262,-0.2724203029666329,0.13596899224806203
Bacteria_Firmicutes_Clostridia_Oscillospirales_Ruminococcaceae_Faecalibacterium_prausnitzii.3,7367.0,0.09245794684710662,0.022025128384828768,0.018406484292605843,0.016227323089136617,0.22299698307266871,-0.14217054263565893
Bacteria_Firmicutes_Clostridia_Lachnospirales_Lachnospiraceae_Dorea_formicigenerans.1,5554.5,0.10029682131163332,0.0018790828997723428,0.0021508546879181216,0.0012906024546437444,-0.2105774610670473,0.13883720930232557
Bacteria_Firmicutes_Clostridia_Oscillospirales_Ruminococcaceae_CAG-352_NA.5,6963.0,0.10418404579482352,0.0004225543475261659,9.781345168674181e-05,0.0012119632558792903,0.2679461561760151,-0.07953488372093023
Bacteria_Firmicutes_Clostridia_Lachnospirales_Lachnospiraceae_Roseburia_NA.4,7318.0,0.1097362454841402,0.003932064938131336,0.0034711616618862177,0.007098626199706313,0.06492851761432196,-0.1345736434108527
Bacteria_Firmicutes_Clostridia_Oscillospirales_Ruminococcaceae_Eubacterium-siraeum-group_NA.15,7316.0,0.11203104595523017,0.004466553185762577,0.0038493978891541445,0.006397701925773697,0.09646515323293962,-0.13426356589147287
Bacteria_Bacteroidota_Bacteroidia_Bacteroidales_Bacteroidaceae_Bacteroides_massiliensis.1,7017.0,0.11277520260422924,0.00048041510427968486,0.0003894090173638988,0.002010008811640148,0.04527646166960132,-0.08790697674418604
Bacteria_Bacteroidota_Bacteroidia_Bacteroidales_Barnesiellaceae_Barnesiella_intestinihominis.2,5773.5,0.11362718401245749,0.0006127761293513905,0.001640588159307845,0.004003918937394521,-0.2567015082041808,0.10488372093023256
Bacteria_Bacteroidota_Bacteroidia_Bacteroidales_Bacteroidaceae_Bacteroides_NA.305,6005.5,0.11439255026277766,0.0003207178145775638,0.0006935483072305181,0.0030164133894923007,-0.12360059597657014,0.06891472868217054
Bacteria_Bacteroidota_Bacteroidia_Bacteroidales_Bacteroidaceae_Bacteroides_vulgatus.4,7256.5,0.11864789138693692,0.001836811779662553,0.002219708619896226,0.007990197569700623,-0.04792082259463068,-0.12503875968992248
Bacteria_Firmicutes_Clostridia_Lachnospirales_Lachnospiraceae_Agathobacter_NA.142,7294.0,0.12148712515665354,0.010463916870219359,0.009490619041032025,0.01166643450179561,0.08342718840426613,-0.13085271317829458
Bacteria_Firmicutes_Clostridia_Lachnospirales_Lachnospiraceae_Roseburia_inulinivorans.1,7293.0,0.12193126355185506,0.00650830342392054,0.005150734581758172,0.005209633479519141,0.26058816757444414,-0.13069767441860466
Bacteria_Bacteroidota_Bacteroidia_Bacteroidales_Barnesiellaceae_Barnesiella_NA.31,7078.0,0.12404319581031505,0.001231850854053013,0.00029041754024810163,0.0033499898808952914,0.2810257186667416,-0.09736434108527131
Bacteria_Proteobacteria_Alphaproteobacteria_Rhodospirillales_NA_NA_NA.5,6978.0,0.12551428435484333,0.0006635748161480017,6.65952200468712e-05,0.0017918063646342448,0.3331719363676833,-0.08186046511627906
Bacteria_Firmicutes_Clostridia_Christensenellales_Christensenellaceae_Christensenellaceae-R-7-group_NA.113,7253.0,0.1343479811881623,0.0024665648641006024,0.0017774402632472633,0.0034019216210586438,0.20256921752326862,-0.12449612403100775
Bacteria_Firmicutes_Clostridia_Oscillospirales_Oscillospiraceae_NK4A214-group_NA.48,7183.0,0.14475749456513168,0.000889642021846008,0.0007409826197208722,0.0017393559015993433,0.08546807584833156,-0.11364341085271318
Bacteria_Firmicutes_Clostridia_Lachnospirales_Lachnospiraceae_Lachnoclostridium_NA.66,6864.0,0.14803027019565487,0.0002754015366622951,0.0001739744938736303,0.0012988111726926186,0.07809221611359582,-0.0641860465116279
Bacteria_Actinobacteriota_Coriobacteriia_Coriobacteriales_Eggerthellaceae_Adlercreutzia_equolifaciens.3,6758.5,0.15076931133128096,5.5256261828799365e-05,2.028759697471354e-05,0.00019458306147316856,0.17971073427122394,-0.047829457364341084
Bacteria_Bacteroidota_Bacteroidia_Bacteroidales_Bacteroidaceae_Bacteroides_caccae.2,7223.0,0.15156310287364705,0.0027589861204357774,0.0021873415490706936,0.003809974408410907,0.1500389530447029,-0.11984496124031008
Bacteria_Firmicutes_Clostridia_Christensenellales_Christensenellaceae_Christensenellaceae-R-7-group_NA.18,6943.0,0.1526075409947001,0.00024411669579114305,0.00011645979561148672,0.0005568552145410417,0.22924612510788955,-0.07643410852713178
Bacteria_Bacteroidota_Bacteroidia_Bacteroidales_Bacteroidaceae_Bacteroides_nordii.1,5957.5,0.1530245306879632,0.0003897097007987303,0.00041446275823580313,0.0013682043600361333,-0.018091637594561606,0.07635658914728682
Bacteria_Firmicutes_Clostridia_Peptostreptococcales-Tissierellales_Peptostreptococcaceae_Romboutsia_NA.10,7214.5,0.1591485659686529,0.001864066294283747,0.0013176708647699722,0.0018560764457330073,0.29438196404566236,-0.11852713178294573
Bacteria_Bacteroidota_Bacteroidia_Bacteroidales_Bacteroidaceae_Bacteroides_coprocola.2,6132.0,0.16257822255613008,0.0002344953298421529,0.00023018601539103576,0.0017608975641170172,0.0024472260845439906,0.04930232558139535
Bacteria_Bacteroidota_Bacteroidia_Bacteroidales_Bacteroidaceae_Bacteroides_NA.304,5777.0,0.16528698883689308,0.0030928848683440145,0.004508488167932264,0.016392169103227782,-0.08635851001009398,0.10434108527131783
Bacteria_Firmicutes_Clostridia_Clostridia-UCG-014_NA_NA_NA.22,7114.5,0.1675202194063754,0.001840862413416454,0.0006118596304625437,0.0047576257046945125,0.2583227137311813,-0.10302325581395348
Bacteria_Proteobacteria_Alphaproteobacteria_Rhodospirillales_NA_NA_NA.2,6865.0,0.1717406951941174,0.0006946166540591892,0.0003611795882544187,0.0027689543095838205,0.12041985115127694,-0.06434108527131784
Bacteria_Firmicutes_Clostridia_Oscillospirales_Eubacterium-coprostanoligenes-group_NA_NA.37,5886.0,0.17192529791217825,0.00038941519190131396,0.0006369797102621087,0.0015024930532706521,-0.16476916004496134,0.08744186046511628
Bacteria_Firmicutes_Clostridia_Christensenellales_Christensenellaceae_Christensenellaceae-R-7-group_NA.63,6945.0,0.1735245513692386,0.0003868478948414912,0.00011029597214952149,0.0007300822827884974,0.37879555388702124,-0.07674418604651163
Bacteria_Bacteroidota_Bacteroidia_Bacteroidales_Marinifilaceae_Butyricimonas_NA.31,6825.0,0.1755922873424357,0.0001953803822984056,5.4896630748496027e-05,0.0005730893909227767,0.24513409910399062,-0.05813953488372093
Bacteria_Bacteroidota_Bacteroidia_Bacteroidales_Bacteroidaceae_Bacteroides_stercoris.1,5739.5,0.18554788933804034,0.004478642558538995,0.005361636613537264,0.014279435651906494,-0.06183676137651682,0.11015503875968992
Bacteria_Bacteroidota_Bacteroidia_Bacteroidales_Barnesiellaceae_Barnesiella_NA.57,6051.0,0.18888693530091694,0.0004064954787033546,0.0004878788707120756,0.00277268148724225,-0.02935187196336284,0.06186046511627907
Bacteria_Firmicutes_Clostridia_Lachnospirales_Lachnospiraceae_Lachnospiraceae-NK4A136-group_NA.1,5792.0,0.19053867619134224,0.0005837813390331351,0.0007687383340032294,0.000892689827455139,-0.20719066049779652,0.102015503875969
Bacteria_Bacteroidota_Bacteroidia_Bacteroidales_Muribaculaceae_NA_NA.3,6009.0,0.19182691952124697,0.0005124763020405385,0.002472832580979495,0.011571633764044797,-0.1694105014825258,0.06837209302325581
Bacteria_Firmicutes_Clostridia_Lachnospirales_Lachnospiraceae_NA_NA.59,7152.0,0.19681113651323212,0.0024625879216984836,0.0032624082826875596,0.006046524591931898,-0.13227769916892523,-0.10883720930232559
Bacteria_Bacteroidota_Bacteroidia_Bacteroidales_Bacteroidaceae_Bacteroides_NA.330,7098.5,0.19861855190974365,0.0015305135067276176,0.0008776265390300176,0.0031966047519676297,0.20424388323133277,-0.10054263565891473
Bacteria_Firmicutes_Clostridia_Christensenellales_Christensenellaceae_Christensenellaceae-R-7-group_NA.104,7143.0,0.20100837260146942,0.002179595620807255,0.001427333097794236,0.00235856700459675,0.3189489726375762,-0.10744186046511628
Bacteria_Bacteroidota_Bacteroidia_Bacteroidales_Prevotellaceae_Prevotella_9_NA.54,6152.0,0.20266903202200914,0.00010147148392518582,0.000953876655377206,0.0038749529010277542,-0.21997820185786945,0.0462015503875969
Bacteria_Firmicutes_Clostridia_Lachnospirales_Lachnospiraceae_Coprococcus_eutactus.1,7137.0,0.20467658873777717,0.002435200412916118,0.0024655809566805106,0.004130032919354422,-0.007356005232312124,-0.10651162790697674
Bacteria_Bacteroidota_Bacteroidia_Bacteroidales_Bacteroidaceae_Bacteroides_caccae.1,5770.5,0.21082567452008738,0.003093328405506385,0.0033458361384034537,0.004895706358620389,-0.051577385243388084,0.10534883720930233
Bacteria_Firmicutes_Clostridia_Oscillospirales_Ruminococcaceae_Faecalibacterium_prausnitzii.5,5768.0,0.2108821662203232,0.03451025788883058,0.044010341122837714,0.03221470757292488,-0.2948989436735274,0.10573643410852714
Bacteria_Firmicutes_Clostridia_Clostridia-vadinBB60-group_NA_NA_NA.20,7122.5,0.21115825212830797,0.004229722285848514,0.0025314060528362522,0.007186407725549928,0.23632338963655183,-0.10426356589147287
Bacteria_Firmicutes_Clostridia_Oscillospirales_Ruminococcaceae_Ruminococcus_NA.13,5852.0,0.21424160553826832,0.0009985094506409433,0.0010390535984488448,0.0024043757683048315,-0.016862650315464866,0.09271317829457364
Bacteria_Firmicutes_Clostridia_Oscillospirales_Ruminococcaceae_Faecalibacterium_NA.8,7124.5,0.21534220050300923,0.002874418289690936,0.002255107132406253,0.0027154007510933297,0.22807357515656687,-0.1045736434108527
Bacteria_Bacteroidota_Bacteroidia_Bacteroidales_Bacteroidaceae_Bacteroides_NA.342,7002.0,0.21794559364383337,0.0011385166577327363,0.0004633479653414552,0.005289345772172047,0.12764691919810453,-0.08558139534883721
Bacteria_Bacteroidota_Bacteroidia_Bacteroidales_Tannerellaceae_Parabacteroides_merdae.1,7119.0,0.219718185337759,0.008474046171964317,0.007019229451200842,0.008136463692637054,0.17880209089852936,-0.10372093023255814
Bacteria_Bacteroidota_Bacteroidia_Bacteroidales_Rikenellaceae_Rikenellaceae-RC9-gut-group_NA.51,6058.0,0.22011368534021714,0.0005442147989098421,0.0011095435813695854,0.0055477476205688814,-0.10190239735559076,0.06077519379844961
Bacteria_Firmicutes_Clostridia_Christensenellales_Christensenellaceae_Christensenellaceae-R-7-group_NA.43,6936.0,0.22029480625847497,0.0003232914329889342,0.00020232855129344041,0.000682917412960078,0.17712666187729065,-0.07534883720930233
Bacteria_Firmicutes_Clostridia_Oscillospirales_Oscillospiraceae_NK4A214-group_NA.21,7019.5,0.22109976058659175,0.0009094389168137852,0.00045872142622983196,0.0018374375051156678,0.24529677299450808,-0.08829457364341085
Bacteria_Firmicutes_Clostridia_Oscillospirales_Ruminococcaceae_Eubacterium-siraeum-group_NA.14,6887.5,0.22120746758520882,0.0004944180562399224,0.0003038821795963083,0.0016303767596405924,0.11686616330670505,-0.06782945736434108
Bacteria_Bacteroidota_Bacteroidia_Bacteroidales_Marinifilaceae_Odoribacter_splanchnicus.1,7052.5,0.22351783337321796,0.0005980460548451998,0.0004472076358138706,0.0007708211676702437,0.1956853617386097,-0.0934108527131783
Bacteria_Bacteroidota_Bacteroidia_Bacteroidales_Barnesiellaceae_Barnesiella_NA.6,6987.0,0.22525090888197163,0.0005714717094089426,0.0012696619469788996,0.003889358187209149,-0.1795129694832635,-0.08325581395348837
Bacteria_Firmicutes_Clostridia_Lachnospirales_Lachnospiraceae_Agathobacter_NA.87,7110.0,0.22598957767446015,0.06173248785369494,0.056741486273340636,0.0515488764857062,0.09682076352795464,-0.10232558139534884
Bacteria_Firmicutes_Clostridia_Oscillospirales_Oscillospiraceae_UCG-003_NA.5,7100.0,0.23169892294951588,0.0017515805031172805,0.0014532001856536422,0.0014775639105172017,0.20194071832682636,-0.10077519379844961
Bacteria_Firmicutes_Clostridia_Oscillospirales_Ruminococcaceae_Faecalibacterium_prausnitzii.1,5801.0,0.23382644848766987,0.0179540937665201,0.02616705311881238,0.026779926939255464,-0.3066834114567086,0.10062015503875969
Bacteria_Firmicutes_Clostridia_Oscillospirales_Ruminococcaceae_Faecalibacterium_prausnitzii.6,5827.5,0.23509641472043552,0.0018279726184973048,0.0023203129247944547,0.00431876958108715,-0.11400013292054695,0.09651162790697675
Bacteria_Firmicutes_Clostridia_Lachnospirales_Lachnospiraceae_Dorea_longicatena.1,5811.0,0.2411163227193618,0.007392543655865734,0.008764811624704027,0.005621919030390058,-0.24409244626617882,0.09906976744186047
Bacteria_Firmicutes_Clostridia_Clostridiales_Clostridiaceae_Clostridium-sensu-stricto-12_paraputrificum.1,6087.0,0.24446779997871704,0.0009563392160304867,0.0007026724638328317,0.0060292953172887895,0.04207237145446743,0.05627906976744186
Bacteria_Bacteroidota_Bacteroidia_Bacteroidales_Barnesiellaceae_Barnesiella_NA.11,6910.0,0.2517933024125296,0.0008320719486494501,0.001023131407133523,0.0033814914708227115,-0.0565015349388382,-0.07131782945736434
Bacteria_Firmicutes_Clostridia_Clostridia-UCG-014_NA_NA_NA.118,6082.5,0.2559552914925729,0.0003077570106135503,0.0004697416681096903,0.0016067322094775668,-0.10081621351750317,0.056976744186046514
Bacteria_Bacteroidota_Bacteroidia_Bacteroidales_Prevotellaceae_Prevotellaceae-NK3B31-group_NA.2,6803.5,0.2630553199254465,0.00044687798169618684,0.0006317645601641633,0.0036287150437025392,-0.05095097747860863,-0.054806201550387595
Bacteria_Bacteroidota_Bacteroidia_Bacteroidales_Prevotellaceae_Prevotella_7_NA.8,6872.0,0.26452496663274017,0.0006693777902027451,0.0007347065760511335,0.002807095335738429,-0.023272734992879417,-0.06542635658914729
Bacteria_Bacteroidota_Bacteroidia_Bacteroidales_Rikenellaceae_Alistipes_shahii.2,7032.0,0.26648265907065694,0.0015332112370995412,0.0012125442106278145,0.0024024713442217017,0.13347381946635004,-0.09023255813953489
Bacteria_Firmicutes_Clostridia_Oscillospirales_Oscillospiraceae_UCG-005_NA.33,6024.0,0.2668499060621913,0.0002374044538439104,0.0005046483620515466,0.0009268857711687834,-0.28832453417711584,0.06604651162790698
Bacteria_Firmicutes_Clostridia_Lachnospirales_Lachnospiraceae_Coprococcus_NA.8,5932.0,0.2672547072804793,0.0005222273782671283,0.0007316884090086017,0.0013436117296008513,-0.15589401768894817,0.08031007751937984
Bacteria_Bacteroidota_Bacteroidia_Bacteroidales_Bacteroidaceae_Bacteroides_intestinalis.1,6957.0,0.26820643591253535,0.0007323364463570022,0.0007795718732287595,0.0022191347711066054,-0.021285515186715155,-0.0786046511627907
Bacteria_Firmicutes_Clostridia_Lachnospirales_Lachnospiraceae_Roseburia_intestinalis.1,7010.0,0.27179204673296764,0.00247554746180321,0.0023523240715249386,0.005083355655037584,0.024240560495930995,-0.08682170542635659
Bacteria_Firmicutes_Clostridia_Oscillospirales_Oscillospiraceae_UCG-002_NA.61,6055.0,0.2735655737783045,0.0011912451947035181,0.001378915123120216,0.009207944086972121,-0.02038130625513061,0.06124031007751938
Bacteria_Bacteroidota_Bacteroidia_Bacteroidales_Bacteroidaceae_Bacteroides_NA.307,5915.0,0.274607342969729,0.0016977971147041338,0.0021962109706949564,0.01016998291584453,-0.049008327753855774,0.08294573643410853
Bacteria_Bacteroidota_Bacteroidia_Bacteroidales_Prevotellaceae_Prevotella_9_NA.109,5948.5,0.2750668656855979,0.0031712225877937408,0.003822944354203997,0.016844697030958387,-0.038690026019018046,0.07775193798449613
Bacteria_Bacteroidota_Bacteroidia_Bacteroidales_Bacteroidaceae_Bacteroides_NA.277,7021.5,0.2776617671420726,0.0019133165394273248,0.006376989143727312,0.021655899477284003,-0.2061180884674019,-0.0886046511627907
Bacteria_Bacteroidota_Bacteroidia_Bacteroidales_Bacteroidaceae_Bacteroides_vulgatus.2,7029.5,0.2779886086294394,0.0027693237055518467,0.0027001075979622615,0.0065047614192435795,0.010640837246515673,-0.08984496124031008
Bacteria_Actinobacteriota_Coriobacteriia_Coriobacteriales_Coriobacteriaceae_Collinsella_aerofaciens.1,7041.0,0.2783295548562098,0.018812702257175337,0.015462059717774085,0.021527647822896703,0.15564368977819884,-0.09162790697674418
Bacteria_Firmicutes_Clostridia_Oscillospirales_Ruminococcaceae_Ruminococcus_NA.18,6874.0,0.2849737759426788,0.0005232425986054551,0.000488986583702137,0.001653128398638368,0.02072193238682106,-0.06573643410852713
Bacteria_Actinobacteriota_Coriobacteriia_Coriobacteriales_Coriobacteriaceae_Collinsella_NA.7,6220.5,0.28539216767640396,0.0002606833569206727,0.00023969612961368368,0.002068332495813176,0.010146931090369867,0.03558139534883721
Bacteria_Bacteroidota_Bacteroidia_Bacteroidales_Bacteroidaceae_Bacteroides_plebeius.2,6050.0,0.2971804425089698,0.001117287365958897,0.0004781663473244715,0.006323892702518774,0.10106449440229542,0.06201550387596899
Bacteria_Firmicutes_Clostridia_Lachnospirales_Lachnospiraceae_Lachnospiraceae_UCG-010_NA.4,7013.5,0.3012028766495054,0.003226109553875896,0.002940793836011379,0.004417342768497065,0.06458989777729912,-0.08736434108527132
Bacteria_Firmicutes_Clostridia_Oscillospirales_UCG-010_NA_NA.51,6787.0,0.30312623277069595,0.0002055038726671289,0.00010290871476023506,0.0004928393941022642,0.20817158517487616,-0.052248062015503874
Bacteria_Bacteroidota_Bacteroidia_Bacteroidales_Bacteroidaceae_Bacteroides_fragilis.4,5892.0,0.30486371682825797,0.00616376729595166,0.009219562590148845,0.021842292409280643,-0.13990268223397642,0.08651162790697674
Bacteria_Firmicutes_Clostridia_Oscillospirales_Eubacterium-coprostanoligenes-group_NA_NA.17,7008.5,0.3056199055608936,0.005933244135662177,0.005355591116077119,0.005939931010666132,0.09724911258191142,-0.08658914728682171
Bacteria_Verrucomicrobiota_Verrucomicrobiae_Verrucomicrobiales_Akkermansiaceae_Akkermansia_muciniphila.1,6910.5,0.3059638150893944,0.004003085503988334,0.003765490556016495,0.022442020450097633,0.010587056922978842,-0.0713953488372093
Bacteria_Firmicutes_Clostridia_Oscillospirales_Oscillospiraceae_UCG-005_NA.40,6115.0,0.30600909310674407,0.0003151361120543724,0.0002712616545196934,0.0011145865119852848,0.03936388702257886,0.05193798449612403
Bacteria_Firmicutes_Clostridia_Lachnospirales_Lachnospiraceae_Lachnospira_NA.19,6979.0,0.3074550586537371,0.0009500613344572352,0.0007562924449392105,0.001165517077353102,0.16625143748050036,-0.082015503875969
Bacteria_Bacteroidota_Bacteroidia_Bacteroidales_Bacteroidaceae_Bacteroides_NA.37,6133.0,0.30953507054683704,0.00044469379858870414,0.0002036942995685948,0.0019102271915006225,0.1261627413181082,0.049147286821705424
Bacteria_Bacteroidota_Bacteroidia_Bacteroidales_Bacteroidaceae_Bacteroides_NA.310,6745.0,0.3104776855945949,0.0003611382428677519,0.0002142587835725937,0.0014478355610781002,0.10144761134737393,-0.04573643410852713
Bacteria_Firmicutes_Clostridia_Monoglobales_Monoglobaceae_Monoglobus_NA.5,7001.0,0.3121610511561901,0.0029914917106817493,0.002741642239585153,0.0019900216518461415,0.12555113200140883,-0.08542635658914728
Bacteria_Firmicutes_Clostridia_Peptostreptococcales-Tissierellales_Anaerovoracaceae_Family-XIII-AD3011-group_NA.13,6027.0,0.3133151742119913,0.00047062327355676083,0.000502599225271114,0.001895298398714659,-0.016871196501848155,0.06558139534883721
Bacteria_Bacteroidota_Bacteroidia_Bacteroidales_Bacteroidaceae_Bacteroides_ovatus.1,5975.5,0.31391469719518184,0.0012033596422795334,0.0016746404721072576,0.004060725999585658,-0.11605826886025113,0.07356589147286821
Bacteria_Firmicutes_Clostridia_Clostridia-vadinBB60-group_NA_NA_NA.61,6841.0,0.31480743346793494,0.0005099498743252832,0.0003381176526676257,0.0014054000025083687,0.12226570467551587,-0.06062015503875969
Bacteria_Firmicutes_Bacilli_Acholeplasmatales_Acholeplasmataceae_Anaeroplasma_NA.1,6798.0,0.31748966777704724,0.0009701330912735424,0.0004931388747909094,0.004165608613998755,0.11450768919568391,-0.053953488372093024
Bacteria_Bacteroidota_Bacteroidia_Bacteroidales_Muribaculaceae_NA_NA.15,6137.0,0.32178707108204174,0.0006433462682326234,0.002893761333950826,0.015019287978156621,-0.1498350034296636,0.04852713178294574
Bacteria_Firmicutes_Clostridia_Oscillospirales_Oscillospiraceae_Flavonifractor_plautii.1,5971.0,0.3246835051639625,0.0006771448395051005,0.0011557164567936123,0.0025193184941203735,-0.18996074470354185,0.07426356589147287
Bacteria_Firmicutes_Clostridia_Lachnospirales_Lachnospiraceae_Lachnoclostridium_NA.83,6093.5,0.327192176350915,0.0002513896461616985,0.0004961965001669201,0.0011586754782810882,-0.21128163890064897,0.055271317829457364
Bacteria_Bacteroidota_Bacteroidia_Bacteroidales_Prevotellaceae_Prevotella_9_NA.78,6006.0,0.3355558932157091,0.002371416907649004,0.0033922855568650147,0.013213185718455644,-0.07726135626702821,0.06883720930232558
Bacteria_Bacteroidota_Bacteroidia_Bacteroidales_Prevotellaceae_Prevotella_9_NA.69,6697.0,0.33607323346367,0.00047190823789665344,8.615407950897184e-05,0.0031723701508592763,0.12159809229171925,-0.03829457364341085
Bacteria_Firmicutes_Clostridia_Christensenellales_Christensenellaceae_Christensenellaceae-R-7-group_NA.154,6775.5,0.3452173761017584,0.0005081658164189131,0.0002168214708813543,0.0016912595989207221,0.17226471070643465,-0.050465116279069765
Bacteria_Firmicutes_Clostridia_Oscillospirales_Butyricicoccaceae_Butyricicoccus_NA.11,6152.0,0.34556114917143776,0.00014546586213151614,0.00015944068416119285,0.0004202911250267976,-0.033250338152597626,0.0462015503875969
Bacteria_Firmicutes_Clostridia_Christensenellales_Christensenellaceae_Christensenellaceae-R-7-group_NA.96,6945.0,0.34569718138383554,0.0014292430069917474,0.0009217072491960566,0.002559685574594094,0.19828050868168606,-0.07674418604651163
Bacteria_Firmicutes_Clostridia_Clostridiales_Clostridiaceae_Clostridium-sensu-stricto-12_NA.25,6873.0,0.34707815135375797,0.0004950811527082784,0.000643738078000375,0.0021402322600764952,-0.0694583144386317,-0.06558139534883721
Bacteria_Firmicutes_Clostridia_Lachnospirales_Lachnospiraceae_Lachnoclostridium_NA.92,6050.0,0.3520341784877744,0.00035902603996108563,0.0006228837233908488,0.001105791515022118,-0.23861431367963204,0.06201550387596899
Bacteria_Firmicutes_Clostridia_Lachnospirales_Lachnospiraceae_Roseburia_hominis.1,5981.0,0.3543307019850065,0.0015359177194389257,0.0016282942449077737,0.002531829387657559,-0.03648607837446524,0.07271317829457365
Bacteria_Firmicutes_Clostridia_Oscillospirales_Oscillospiraceae_UCG-002_NA.13,6784.0,0.35465909968041565,0.0005345667483997545,0.0002537405911829654,0.001911188051286447,0.1469380038389007,-0.05178294573643411
Bacteria_Fusobacteriota_Fusobacteriia_Fusobacteriales_Fusobacteriaceae_Fusobacterium_necrophorum.1,6762.5,0.3552518474552052,0.0012601365219371515,0.00015617778528567627,0.0069397454974625,0.15907769774196112,-0.04844961240310078
Bacteria_Bacteroidota_Bacteroidia_Bacteroidales_Tannerellaceae_Parabacteroides_distasonis.3,6933.0,0.35547006147538507,0.0015506379715823234,0.000867888523297585,0.004317899682433767,0.15812072963675466,-0.07488372093023256
Bacteria_Bacteroidota_Bacteroidia_Bacteroidales_Barnesiellaceae_Barnesiella_NA.23,6156.0,0.35795023754745003,0.0004007426237551897,0.0008219875844162367,0.003704259586175786,-0.11371907148006684,0.045581395348837206
Bacteria_Firmicutes_Clostridia_Oscillospirales_Ruminococcaceae_NA_NA.38,6777.0,0.36072023566335054,0.0019608895528011585,0.0007518937574059467,0.006762847727086887,0.178770222868228,-0.05069767441860465
Bacteria_Firmicutes_Clostridia_Oscillospirales_Oscillospiraceae_UCG-002_NA.31,6103.5,0.36989324016529956,0.0005333404349657709,0.0018938227002204963,0.005556239509971109,-0.24485666300259967,0.05372093023255814
Bacteria_Firmicutes_Clostridia_Oscillospirales_Oscillospiraceae_UCG-002_NA.62,6753.5,0.3788531396524867,0.00023806575309058347,0.00020318048448043945,0.0008124691336793284,0.042937346372979635,-0.04705426356589147
Bacteria_Firmicutes_Clostridia_Lachnospirales_Lachnospiraceae_Lachnoclostridium_NA.100,6184.0,0.38137272305780356,0.0003319479559726288,0.0003017820189579515,0.001612809832832701,0.018703963976766286,0.04124031007751938
Bacteria_Actinobacteriota_Actinobacteria_Bifidobacteriales_Bifidobacteriaceae_Bifidobacterium_longum.2,6914.5,0.39425523037965493,0.008581392626818073,0.012975380588626776,0.034280312771354814,-0.1281781759436101,-0.07201550387596899
Bacteria_Bacteroidota_Bacteroidia_Bacteroidales_Bacteroidaceae_Bacteroides_uniformis.5,5993.0,0.4019895330780835,0.02566521131711371,0.032543803815923256,0.03221637202462484,-0.21351232514796634,0.07085271317829457
Bacteria_Bacteroidota_Bacteroidia_Bacteroidales_Rikenellaceae_Alistipes_senegalensis.1,6757.0,0.4027709660576323,0.00023016146923526064,0.0001671877796276914,0.0005504180586938906,0.11441065316243813,-0.0475968992248062
Bacteria_Firmicutes_Clostridia_Oscillospirales_Ruminococcaceae_Subdoligranulum_NA.18,6905.0,0.404054730873147,0.007778041740623976,0.007334155931732049,0.007612528074177492,0.05830990763733724,-0.07054263565891473
Bacteria_Firmicutes_Clostridia_Lachnospirales_Lachnospiraceae_Lachnospiraceae_UCG-004_NA.7,6000.5,0.40880589068821305,0.0012929533203694802,0.0015392244959963196,0.001335206924753671,-0.1844442019144511,0.06968992248062016
Bacteria_Firmicutes_Clostridia_Peptostreptococcales-Tissierellales_Anaerovoracaceae_Family-XIII-UCG-001_NA.1,6073.0,0.41049429769081125,0.00033204895696014106,0.0003726636021071415,0.0005920680301525157,-0.06859793651844061,0.05844961240310077
Bacteria_Firmicutes_Clostridia_Oscillospirales_Eubacterium-coprostanoligenes-group_NA_NA.48,6855.0,0.41144816591271915,0.0007294984796954216,0.0010626525390705522,0.0021542493522932267,-0.15464972010806627,-0.06279069767441861
Bacteria_Firmicutes_Clostridia_Peptostreptococcales-Tissierellales_Peptostreptococcaceae_Peptostreptococcus_stomatis.1,6084.5,0.41305601652585755,0.0010802819251274818,0.0007371997314694803,0.0035151810336134237,0.09760014928884923,0.056666666666666664
Bacteria_Firmicutes_Clostridia_Oscillospirales_Ruminococcaceae_Ruminococcus_bicirculans.1,6887.0,0.42125909323105737,0.0029642643450841946,0.0027174870383681483,0.0038753280139745055,0.06367907589400504,-0.06775193798449612
Bacteria_Bacteroidota_Bacteroidia_Bacteroidales_Prevotellaceae_Paraprevotella_NA.9,6862.0,0.4262315424193708,0.0013899599190748786,0.0012946004946996687,0.0030180039067644305,0.03159685252940697,-0.06387596899224807
Bacteria_Firmicutes_Clostridia_Clostridia-UCG-014_NA_NA_NA.30,6815.0,0.43456238791244683,0.0022533108774916957,0.0009133108393498976,0.005648536223208358,0.23722960873227447,-0.056589147286821705
Bacteria_Bacteroidota_Bacteroidia_Bacteroidales_Bacteroidaceae_Bacteroides_NA.288,6707.5,0.4463665906805119,0.0003221758136692955,0.0001752204300287879,0.0013632288568261204,0.10779949595745078,-0.03992248062015504
Bacteria_Bacteroidota_Bacteroidia_Bacteroidales_Prevotellaceae_Prevotellaceae-NK3B31-group_NA.14,6229.0,0.44762903672280374,0.0009751190469883194,0.0007503771214429248,0.007174390601097583,0.03132557704775819,0.03426356589147287
Bacteria_Firmicutes_Clostridia_Oscillospirales_Oscillospiraceae_UCG-002_NA.37,6789.0,0.4529303153904244,0.0008052391042182777,0.00039285528790147816,0.0019862126167570454,0.207623198462062,-0.052558139534883724
Bacteria_Firmicutes_Clostridia_Lachnospirales_Lachnospiraceae_Lachnoclostridium_NA.102,6830.0,0.45384754518685055,0.0006952147519832246,0.0005778433108702201,0.000980269489907449,0.11973385106996039,-0.05891472868217054
Bacteria_Firmicutes_Clostridia_Oscillospirales_Oscillospiraceae_Intestinimonas_NA.16,6850.0,0.455556594982955,0.0007993066722525818,0.0007454244198491839,0.0006920853966734492,0.07785491886172749,-0.06201550387596899
Bacteria_Bacteroidota_Bacteroidia_Bacteroidales_Prevotellaceae_Prevotella_9_NA.136,6162.5,0.4570141736618101,0.0022413546419139535,0.000546749514709009,0.008858418781833553,0.19129882758310823,0.044573643410852716
Bacteria_Bacteroidota_Bacteroidia_Bacteroidales_Barnesiellaceae_Barnesiella_NA.22,6700.5,0.4588477421713152,0.00046334975950343795,0.00022647457030230806,0.0016264730821711258,0.14563732520241462,-0.03883720930232558
Bacteria_Firmicutes_Clostridia_Clostridia-UCG-014_NA_NA_NA.116,6718.5,0.46076297786192466,0.0003566833305857488,0.00018518705937404787,0.0009608889484058448,0.17847668192689747,-0.041627906976744185
Bacteria_Firmicutes_Clostridia_Lachnospirales_Lachnospiraceae_NA_NA.77,6117.0,0.46732357271518754,0.0002978473342252608,0.0004339313117857669,0.0006460958672498999,-0.210625054977903,0.05162790697674419
Bacteria_Bacteroidota_Bacteroidia_Bacteroidales_Prevotellaceae_Alloprevotella_NA.39,6212.0,0.4673521172235303,0.0006772017642476142,0.00024976645080148615,0.0031249422511029274,0.13678182798266675,0.03689922480620155
Bacteria_Firmicutes_Clostridia_Lachnospirales_Lachnospiraceae_Butyrivibrio_crossotus.1,6837.0,0.4677262467138572,0.0061881333663100875,0.003727658862637287,0.011676432026938145,0.21072143425289128,-0.06
Bacteria_Firmicutes_Clostridia_Oscillospirales_Ruminococcaceae_Incertae-Sedis_NA.20,6066.0,0.4687549315596279,0.001213160961004742,0.0012722023511450512,0.003710739625820648,-0.015910949323816273,0.059534883720930236
Bacteria_Fusobacteriota_Fusobacteriia_Fusobacteriales_Fusobacteriaceae_Fusobacterium_nucleatum,6156.0,0.47190823485719624,0.004172956399355989,0.001531457534200909,0.02159021930577774,0.12234701406892103,0.045581395348837206
Bacteria_Firmicutes_Clostridia_Lachnospirales_Lachnospiraceae_Blautia_obeum.1,6842.0,0.4722922636204083,0.003034762283460665,0.0029347138965997444,0.0027453601253094144,0.03644271873062362,-0.06077519379844961
Bacteria_Firmicutes_Clostridia_Oscillospirales_Ruminococcaceae_Faecalibacterium_prausnitzii.2,6235.0,0.4732623510765942,0.0004853854054670768,0.0003984984937788925,0.0026681022332800193,0.03256506089025317,0.03333333333333333
Bacteria_Firmicutes_Clostridia_Christensenellales_Christensenellaceae_Christensenellaceae-R-7-group_NA.2,6838.5,0.47625066665098625,0.014766862358756351,0.011052812677733993,0.022215966240913633,0.16717929982187524,-0.06023255813953488
Bacteria_Firmicutes_Clostridia_Lachnospirales_Lachnospiraceae_Lachnospiraceae-NK4A136-group_bacterium.1,6835.5,0.4796846629735473,0.0038956469564010456,0.0035072077143530806,0.003352956513362879,0.11584977034443439,-0.05976744186046511
Bacteria_Firmicutes_Clostridia_Lachnospirales_Lachnospiraceae_Anaerostipes_NA.18,6085.5,0.48097813603816164,0.0006470435627025123,0.0008464208508143208,0.0010871594483382798,-0.18339286699532076,0.056511627906976745
Bacteria_Bacteroidota_Bacteroidia_Bacteroidales_Bacteroidaceae_Bacteroides_NA.320,6162.0,0.4810146856937064,0.0005406709526844236,0.0007513251296166794,0.002295975853795118,-0.0917492997951422,0.044651162790697675
Bacteria_Firmicutes_Clostridia_Lachnospirales_Lachnospiraceae_Frisingicoccus_NA.1,6742.5,0.48589428848009597,0.0004382229278816484,0.0003032471030578308,0.0009216120642489367,0.14645622606276915,-0.04534883720930233
Bacteria_Actinobacteriota_Coriobacteriia_Coriobacteriales_Eggerthellaceae_Adlercreutzia_NA.6,6593.0,0.49219464958037107,6.584065312578327e-05,3.400331429063996e-05,0.0002698240257640463,0.11799297243820751,-0.022170542635658916
Bacteria_Firmicutes_Clostridia_Lachnospirales_Lachnospiraceae_Lachnospiraceae_UCG-003_NA.9,6126.0,0.49315108930263596,0.000655510513699269,0.0011885743866615105,0.0025843267416216916,-0.2062679863103295,0.05023255813953489
Bacteria_Firmicutes_Clostridia_Lachnospirales_Lachnospiraceae_Eubacterium-hallii-group_NA.10,6107.0,0.49373445600126364,0.0004799951465629537,0.0006214431748966726,0.0007532638319230195,-0.18778019379028718,0.05317829457364341
Bacteria_Bacteroidota_Bacteroidia_Bacteroidales_Bacteroidaceae_Bacteroides_NA.290,6787.0,0.49714087649728067,0.0030119083685695848,0.004687549258179011,0.013744117636000378,-0.1219169490531986,-0.052248062015503874
Bacteria_Bacteroidota_Bacteroidia_Bacteroidales_Bacteroidaceae_Bacteroides_uniformis.2,6251.0,0.5007022391820217,0.0003547533897732946,0.0016416748462301256,0.007814016303084339,-0.16469398149948306,0.030852713178294574
Bacteria_Firmicutes_Clostridia_Oscillospirales_Ruminococcaceae_Eubacterium-siraeum-group_NA.12,6810.5,0.5020577876430992,0.0014725750881617965,0.0015546663711766993,0.0019983029316160447,-0.04108049971608403,-0.05589147286821705
Bacteria_Firmicutes_Clostridia_Lachnospirales_Lachnospiraceae_Lachnospiraceae-NK4A136-group_NA.52,6088.0,0.5069038995397961,0.005962655299032858,0.008020341763830024,0.009557628211630136,-0.21529258297506107,0.056124031007751936
Bacteria_Bacteroidota_Bacteroidia_Bacteroidales_Prevotellaceae_Prevotella_9_copri.2,6129.0,0.5084466523119741,0.006349534316762649,0.0024216289107369606,0.023330498233964634,0.16835925948239833,0.04976744186046512
Bacteria_Firmicutes_Clostridia_Oscillospirales_UCG-010_NA_NA.66,6709.5,0.5131770332702976,0.00030786594358625123,0.00027590858724456624,0.0007072541997473963,0.045185106504986354,-0.040232558139534885
Bacteria_Bacteroidota_Bacteroidia_Bacteroidales_Tannerellaceae_Parabacteroides_distasonis.9,6101.0,0.514585239391008,0.002489385628126417,0.0023601040792061174,0.006000293015327627,0.021545872608229714,0.05410852713178295
Bacteria_Firmicutes_Clostridia_Oscillospirales_Ruminococcaceae_Subdoligranulum_NA.60,6800.0,0.5211098557786793,0.012045549554136555,0.01113187998364225,0.011823938187611363,0.07727286425191318,-0.05426356589147287
Bacteria_Bacteroidota_Bacteroidia_Bacteroidales_Bacteroidaceae_Bacteroides_plebeius.1,6186.5,0.5214911969253049,0.003092209953640823,0.0027954371087191496,0.02005369803279681,0.014798908632029678,0.04085271317829457
Bacteria_Bacteroidota_Bacteroidia_Bacteroidales_Bacteroidaceae_Bacteroides_clarus.1,6723.0,0.5236338083110132,0.0008372666687172176,0.0009500675949750671,0.0032495674939355635,-0.03471259682045745,-0.04232558139534884
Bacteria_Bacteroidota_Bacteroidia_Bacteroidales_Rikenellaceae_Alistipes_NA.40,6735.0,0.5250687823590204,0.0028334247669633585,0.0008730045899100198,0.008211233269926059,0.23874856706768385,-0.044186046511627906
Bacteria_Actinobacteriota_Actinobacteria_Bifidobacteriales_Bifidobacteriaceae_Bifidobacterium_bifidum.1,6200.0,0.533771426100006,0.0007226292794077299,0.000659362309646332,0.0020935987772347894,0.030219242793483318,0.03875968992248062
Bacteria_Firmicutes_Clostridia_Oscillospirales_Oscillospiraceae_NK4A214-group_NA.18,6682.0,0.5338949998652691,0.0007280415606251221,0.0002586479266556942,0.0026806658649799,0.17510337267376944,-0.035968992248062014
Bacteria_Proteobacteria_Alphaproteobacteria_Rhodospirillales_NA_NA_NA.13,6127.0,0.5359048028678347,0.002156918402360589,0.005361858394381397,0.011136292343771526,-0.28779237228028726,0.05007751937984496
Bacteria_Bacteroidota_Bacteroidia_Bacteroidales_Barnesiellaceae_Barnesiella_NA.7,6252.0,0.5361837544738906,0.0003949342005341179,0.0006279462211041373,0.0026320951904752216,-0.08852720122479664,0.030697674418604652
Bacteria_Firmicutes_Clostridia_Oscillospirales_Oscillospiraceae_UCG-002_NA.36,6200.0,0.5361885803787629,0.0007347254098418098,0.0005613204003457103,0.002166454969103208,0.08004090182768929,0.03875968992248062
Bacteria_Bacteroidota_Bacteroidia_Bacteroidales_Rikenellaceae_Alistipes_putredinis.1,6118.0,0.5427962831513851,0.014009735369820354,0.017210939555495682,0.014311776597545465,-0.2236762266275418,0.05147286821705426
Bacteria_Firmicutes_Clostridia_Peptostreptococcales-Tissierellales_Anaerovoracaceae_Family-XIII-AD3011-group_NA.12,6686.0,0.5443817226494478,0.00026097211140250695,0.00019561928866328272,0.0005216723471515852,0.12527561235718387,-0.03658914728682171
Bacteria_Firmicutes_Clostridia_Lachnospirales_Lachnospiraceae_Lachnoclostridium_NA.53,6326.0,0.5516789900229502,0.0001013282257097084,7.01134106219726e-05,0.0006135554714592738,0.05087529414984241,0.019224806201550388
Bacteria_Firmicutes_Clostridia_Christensenellales_Christensenellaceae_Christensenellaceae-R-7-group_NA.76,6633.0,0.5527480362270044,0.00015677710379646915,0.00016553948812818875,0.0007417765208141503,-0.011812701111248828,-0.028372093023255815
Bacteria_Bacteroidota_Bacteroidia_Bacteroidales_Porphyromonadaceae_Porphyromonas_NA.34,6685.0,0.5562663273865978,0.001183458001584151,0.0005622093573472948,0.004256638751874582,0.14594817189108766,-0.03643410852713178
Bacteria_Bacteroidota_Bacteroidia_Bacteroidales_NA_NA_NA.4,6264.5,0.5575066652326606,0.00024607783714440375,0.0002840053808992311,0.0009218142970979098,-0.041144451625704064,0.02875968992248062
Bacteria_Bacteroidota_Bacteroidia_Bacteroidales_Rikenellaceae_Rikenellaceae-RC9-gut-group_NA.31,6642.0,0.5578583565869545,0.0012799234024315508,0.00018595360337406356,0.006241900108846458,0.17526230474387705,-0.029767441860465118
Bacteria_Bacteroidota_Bacteroidia_Bacteroidales_Bacteroidaceae_Bacteroides_thetaiotaomicron.1,6136.0,0.5648485499559399,0.00421926039663785,0.01139152298005207,0.03713314000655483,-0.19314990819920308,0.048682170542635655
Bacteria_Firmicutes_Clostridia_Lachnospirales_Lachnospiraceae_Lachnoclostridium_edouardi.1,6137.0,0.5661527841132237,0.002525196451752157,0.00271520548349735,0.0023930530803617425,-0.07940025789836241,0.04852713178294574
Bacteria_Bacteroidota_Bacteroidia_Bacteroidales_Bacteroidaceae_Bacteroides_NA.372,6761.0,0.5683759028869806,0.00767088999658883,0.012250263999710354,0.031034505960585008,-0.14755749645048324,-0.048217054263565894
Bacteria_Firmicutes_Clostridia_Lachnospirales_Lachnospiraceae_Lachnospiraceae_UCG-010_NA.16,6701.0,0.5727789753623715,0.0007148961444852387,0.0006318409995965058,0.0023289845939937653,0.035661526101514116,-0.038914728682170545
Bacteria_Firmicutes_Clostridia_Christensenellales_Christensenellaceae_Christensenellaceae-R-7-group_NA.34,6228.0,0.5735946257148461,0.00032632920711510874,0.0002872163075090535,0.0007373289761573924,0.053046741510001466,0.03441860465116279
Bacteria_Firmicutes_Clostridia_Clostridia-UCG-014_NA_NA_NA.15,6720.0,0.5790985280008449,0.0011342101812345448,0.0017462249531117813,0.005377066163880842,-0.11381946087781096,-0.04186046511627907
Bacteria_Firmicutes_Clostridia_Lachnospirales_Lachnospiraceae_Ruminococcus-gauvreauii-group_NA.5,6148.0,0.5792826567313523,0.0018031958935637458,0.002337518830308938,0.002294802437139451,-0.2328404955902191,0.04682170542635659
Bacteria_Firmicutes_Clostridia_Lachnospirales_Lachnospiraceae_Lachnospiraceae_UCG-004_NA.20,6719.0,0.5805074069379533,0.00047682714906014555,0.0006370258634794406,0.0010979214706387653,-0.1459109041069141,-0.041705426356589144
Bacteria_Firmicutes_Clostridia_Oscillospirales_Ruminococcaceae_Faecalibacterium_NA.13,6751.0,0.5811689525480644,0.0168673929240412,0.01817231739675474,0.019746223033308606,-0.0660847631728027,-0.04666666666666667
Bacteria_Firmicutes_Clostridia_Lachnospirales_Lachnospiraceae_Blautia_massiliensis.1,6748.0,0.5849485620770934,0.0035856521551417627,0.0034027347456401197,0.0022831060677830878,0.08011778869268965,-0.0462015503875969
Bacteria_Actinobacteriota_Coriobacteriia_Coriobacteriales_Eggerthellaceae_Senegalimassilia_NA.7,6232.0,0.5999579121910603,0.0003475626487423651,0.0006422128045866646,0.0012546427504642552,-0.23484785269374106,0.0337984496124031
Bacteria_Bacteroidota_Bacteroidia_Bacteroidales_Marinifilaceae_Butyricimonas_virosa.2,6620.5,0.6069049451447369,0.00026948296455785083,0.0003118541919596137,0.001059145274194661,-0.04000511396699622,-0.026434108527131784
Bacteria_Bacteroidota_Bacteroidia_Bacteroidales_Prevotellaceae_Prevotella_9_NA.88,6278.0,0.6076127098082253,0.0005979914794823117,0.002762958089847543,0.011182627136639084,-0.19360089395021246,0.02666666666666667
Bacteria_Bacteroidota_Bacteroidia_Bacteroidales_Bacteroidaceae_Bacteroides_NA.343,6582.0,0.6078312478478385,0.0002703104087263495,6.712889588474207e-05,0.001043287464781403,0.19475122600479003,-0.020465116279069766
Bacteria_Firmicutes_Clostridia_Oscillospirales_Oscillospiraceae_UCG-002_NA.25,6724.0,0.6096710558074718,0.002117614329482584,0.002738066875824467,0.007321472472261621,-0.08474422989262759,-0.042480620155038756
Bacteria_Bacteroidota_Bacteroidia_Bacteroidales_Bacteroidaceae_Bacteroides_vulgatus.5,6727.0,0.6117215931990088,0.02962236624288249,0.0321289674747107,0.041657494373765314,-0.060171675457436985,-0.042945736434108525
Bacteria_Firmicutes_Clostridia_Oscillospirales_Eubacterium-coprostanoligenes-group_NA_NA.49,6291.0,0.6195830334558594,0.0002848822080556301,0.0002932010908381512,0.001093939422732942,-0.007604518686910851,0.024651162790697675
Bacteria_Bacteroidota_Bacteroidia_Bacteroidales_Bacteroidaceae_Bacteroides_coprocola.3,6629.5,0.6222635956731162,0.0011667189508793939,0.000897516938293677,0.005255428729327848,0.0512236063793309,-0.027829457364341087
Bacteria_Firmicutes_Clostridia_Oscillospirales_Oscillospiraceae_NK4A214-group_NA.25,6710.0,0.632264270418553,0.001798955914943177,0.0017893345518063325,0.0021251584595281623,0.0045273626979236165,-0.040310077519379844
Bacteria_Firmicutes_Clostridia_Clostridia-UCG-014_NA_NA_NA.51,6648.0,0.6390912085068005,0.0005583888292019135,0.00043278734707311684,0.0013629685420911092,0.0921528841275345,-0.030697674418604652
Bacteria_Bacteroidota_Bacteroidia_Bacteroidales_Tannerellaceae_NA_NA.1,6241.0,0.6462575800700363,0.000708005446248344,0.0005013849553736941,0.0014139040202320906,0.146134736105166,0.032403100775193795
Bacteria_Firmicutes_Clostridia_Christensenellales_Christensenellaceae_NA_NA.2,6597.5,0.6490946405404323,0.00031470561529095385,0.00012399254309921977,0.0009179789009168657,0.20775321960150966,-0.022868217054263566
Bacteria_Firmicutes_Clostridia_Clostridia-UCG-014_NA_NA_NA.46,6296.0,0.6492403515785405,0.00032156104904957955,0.00027044972336301524,0.0013168368865473,0.03881371049726319,0.023875968992248062
Bacteria_Firmicutes_Clostridia_Oscillospirales_Oscillospiraceae_UCG-005_NA.41,6260.5,0.655176813538973,0.0003479574970272537,0.00045454718988757536,0.0008895995051251854,-0.11981761708075843,0.029379844961240312
Bacteria_Bacteroidota_Bacteroidia_Bacteroidales_Bacteroidaceae_Bacteroides_NA.353,6321.0,0.6718047521592092,0.0003614934645771631,0.0004464904342277174,0.0019615427810492944,-0.04333169302842663,0.02
Bacteria_Firmicutes_Clostridia_Lachnospirales_Lachnospiraceae_Dorea_NA.31,6267.0,0.6721429601570568,0.0003005866256428922,0.00034823037468881285,0.0006407626529901659,-0.07435475339205182,0.028372093023255815
Bacteria_Bacteroidota_Bacteroidia_Bacteroidales_Marinifilaceae_Odoribacter_splanchnicus.3,6663.0,0.6722538861410821,0.0005856288612414749,0.0006064782543808675,0.0008614397161317717,-0.02420296249285468,-0.03302325581395349
Bacteria_Bacteroidota_Bacteroidia_Bacteroidales_Porphyromonadaceae_Porphyromonas_NA.1,6643.0,0.6738993157868207,0.004116117054884628,0.0010655961919691795,0.025000277033372306,0.12201948237787033,-0.02992248062015504
Bacteria_Bacteroidota_Bacteroidia_Bacteroidales_Bacteroidaceae_Bacteroides_massiliensis.3,6248.0,0.6790478077990845,0.0014180441412744952,0.0010878887611371244,0.003966847531592356,0.08322865386380028,0.03131782945736434
Bacteria_Bacteroidota_Bacteroidia_Bacteroidales_Barnesiellaceae_Barnesiella_NA.1,6308.0,0.6811000949428626,0.00042837767371761335,0.0011905894230477944,0.004853792216007007,-0.1570342765840969,0.02201550387596899
Bacteria_Bacteroidota_Bacteroidia_Bacteroidales_Bacteroidaceae_Bacteroides_eggerthii.1,6623.5,0.6827038934823544,0.0007330078172447719,0.0009759444403429833,0.0038477686905110664,-0.06313701332861155,-0.02689922480620155
Bacteria_Bacteroidota_Bacteroidia_Bacteroidales_Muribaculaceae_CAG-873_NA.3,6627.0,0.6836627707433494,0.002919142333131924,0.002855593160547319,0.016416865526246258,0.003870968698805906,-0.02744186046511628
Bacteria_Firmicutes_Clostridia_Lachnospirales_Lachnospiraceae_CAG-56_NA.6,6235.0,0.6928562952214041,0.0017228061203098757,0.001982778409366339,0.0017933199578932513,-0.14496704166604638,0.03333333333333333
Bacteria_Bacteroidota_Bacteroidia_Bacteroidales_Bacteroidaceae_Bacteroides_NA.396,6311.0,0.6956845238199134,0.0008932290373521154,0.0004644919695365581,0.0037054930065248542,0.11570311077651782,0.021550387596899225
Bacteria_Bacteroidota_Bacteroidia_Bacteroidales_Prevotellaceae_Prevotella_9_NA.113,6582.0,0.6968085725703916,0.0008206371597236462,0.00044086912025927285,0.0036755969095721695,0.10332146010770736,-0.020465116279069766
Bacteria_Firmicutes_Clostridia_Oscillospirales_Ruminococcaceae_Ruminococcus_champanellensis.2,6613.0,0.6995994346416343,0.0004946497565873429,0.0005178915074721743,0.001469131861309976,-0.01582005774764665,-0.025271317829457365
Bacteria_Bacteroidota_Bacteroidia_Bacteroidales_Bacteroidaceae_Bacteroides_NA.356,6323.5,0.7029564225296473,0.0003118494702544907,0.0003558708921301174,0.0018609630837462502,-0.02365518277074496,0.019612403100775194
Bacteria_Firmicutes_Clostridia_Lachnospirales_Lachnospiraceae_Eisenbergiella_tayi.1,6578.0,0.7187826521113405,0.0003686029888879246,0.00019003379897570408,0.0012506832503209019,0.14277730981557724,-0.01984496124031008
Bacteria_Bacteroidota_Bacteroidia_Bacteroidales_Prevotellaceae_Prevotella_9_copri.3,6340.0,0.7216994924193456,0.0009562813961352336,0.0010452225708678143,0.00660102239577726,-0.01347384835256389,0.017054263565891473
Bacteria_Firmicutes_Clostridia_Lachnospirales_Lachnospiraceae_Anaerostipes_hadrus.3,6317.5,0.7248241019002302,0.00022924377068419416,0.0002718913337680113,0.000705519675764839,-0.06044843900006589,0.02054263565891473
Bacteria_Bacteroidota_Bacteroidia_Bacteroidales_Tannerellaceae_Parabacteroides_distasonis.6,6294.0,0.7252237435616247,0.0005665433120235429,0.0015838961512283972,0.0038034456451438944,-0.26748189250549026,0.024186046511627906
Bacteria_Bacteroidota_Bacteroidia_Bacteroidales_Rikenellaceae_Alistipes_obesi.1,6637.5,0.7260577930304235,0.001311989079100849,0.0013827033110746833,0.0018331577075589394,-0.03857509459346971,-0.029069767441860465
Bacteria_Firmicutes_Clostridia_Oscillospirales_UCG-010_NA_NA.81,6562.0,0.7269154175371036,0.00013919803392248767,0.000133051627148072,0.00042563192579922476,0.014440661994220325,-0.017364341085271316
Bacteria_Bacteroidota_Bacteroidia_Bacteroidales_Barnesiellaceae_Barnesiella_NA.33,6556.0,0.7279603630244638,0.00032551717610384846,0.00043949974768897273,0.001987200212008947,-0.05735837330144724,-0.016434108527131782
Bacteria_Firmicutes_Clostridia_Clostridia-vadinBB60-group_NA_NA_NA.82,6338.5,0.736919193683983,0.0006921600542823414,0.0013221195317937955,0.006146610565477709,-0.10248891983650411,0.017286821705426357
Bacteria_Firmicutes_Clostridia_Oscillospirales_Ruminococcaceae_Incertae-Sedis_NA.23,6631.5,0.7383564283622318,0.0013690230432275735,0.0013263937569046424,0.0013743822634055846,0.031017052138973225,-0.02813953488372093
Bacteria_Bacteroidota_Bacteroidia_Bacteroidales_Bacteroidaceae_Bacteroides_caccae.3,6581.0,0.738598912879918,0.0005764186516451895,0.0005464426197430074,0.001569491641393572,0.019099198180861917,-0.020310077519379844
Bacteria_Bacteroidota_Bacteroidia_Bacteroidales_Bacteroidaceae_Bacteroides_NA.339,6368.0,0.7396389679226179,0.00033294810018089706,0.0001655305757515885,0.002376428099355901,0.07044922776106075,0.012713178294573644
Bacteria_Bacteroidota_Bacteroidia_Bacteroidales_Bacteroidaceae_Bacteroides_ovatus.2,6316.0,0.7406540470394873,0.001290414581792791,0.0009488932884112694,0.00689297681097836,0.04954627046439279,0.020775193798449613
Bacteria_Firmicutes_Clostridia_Lachnospirales_Lachnospiraceae_Blautia_NA.6,6326.0,0.7418904003066704,0.00029312661390372446,0.0003518354025119005,0.0008361705568996175,-0.07021149946472469,0.019224806201550388
Bacteria_Firmicutes_Clostridia_Christensenellales_Christensenellaceae_Christensenellaceae-R-7-group_NA.99,6291.0,0.7453989347831016,0.0013226110740754337,0.0016672294697264772,0.00428947740127072,-0.08034041525640241,0.024651162790697675
Bacteria_Firmicutes_Clostridia_Oscillospirales_Butyricicoccaceae_Butyricicoccus_NA.25,6624.0,0.7461741869189283,0.0008573998964811047,0.000852884289317874,0.0007800756918303983,0.005788678214847593,-0.026976744186046512
Bacteria_Firmicutes_Clostridia_Oscillospirales_Butyricicoccaceae_Butyricicoccus_NA.13,6331.0,0.7482771313259536,0.0001585263922738535,0.00016557399320455348,0.00036532776842956085,-0.01929117231081449,0.018449612403100776
Bacteria_Cyanobacteria_Vampirivibrionia_Gastranaerophilales_NA_NA_NA.2,6319.0,0.750419107765402,0.0007368944452014747,0.0008155543319089648,0.002189063797690818,-0.03593311752287266,0.020310077519379844
Bacteria_Firmicutes_Clostridia_Lachnospirales_Lachnospiraceae_NA_NA.44,6314.5,0.7542361943689534,0.0010435180848702016,0.0006621292062224609,0.0032701399525037604,0.1166276930611893,0.021007751937984497
Bacteria_Firmicutes_Clostridia_Oscillospirales_Oscillospiraceae_Colidextribacter_NA.17,6315.0,0.7572075293272027,0.0003924163246545361,0.0004582269087882597,0.0009295751661592257,-0.07079640950998793,0.020930232558139535
Bacteria_Firmicutes_Clostridia_Lachnospirales_Lachnospiraceae_Ruminococcus-torques-group_NA.24,6306.0,0.7611341184642646,0.0005811968957336467,0.0011446356892062563,0.002170715205138084,-0.259563664611069,0.022325581395348838
Bacteria_Bacteroidota_Bacteroidia_Bacteroidales_Bacteroidaceae_Bacteroides_massiliensis.2,6301.0,0.7625096091162455,0.0016893500833035282,0.0014712305107746715,0.004650979315711609,0.04689755806739897,0.02310077519379845
Bacteria_Bacteroidota_Bacteroidia_Bacteroidales_Rikenellaceae_Alistipes_finegoldii.2,6291.0,0.7633753563262591,0.001520471566989629,0.0021502486770431308,0.004037338172927246,-0.1559881989268404,0.024651162790697675
Bacteria_Bacteroidota_Bacteroidia_Bacteroidales_Porphyromonadaceae_Porphyromonas_NA.30,6331.0,0.7689124523953321,0.0016230852638886306,0.0003950907295209107,0.005358866179889373,0.22915193123801242,0.018449612403100776
Bacteria_Firmicutes_Clostridia_Christensenellales_Christensenellaceae_Christensenellaceae-R-7-group_NA.131,6604.0,0.7776785767052933,0.003271941261902906,0.00373812741390552,0.005010719924877655,-0.09303775884340547,-0.023875968992248062
Bacteria_Firmicutes_Clostridia_Lachnospirales_Lachnospiraceae_Fusicatenibacter_saccharivorans.1,6604.0,0.7780925829064624,0.017764882418901125,0.017027943578038232,0.012253066788581056,0.060143215864102255,-0.023875968992248062
Bacteria_Bacteroidota_Bacteroidia_Bacteroidales_Bacteroidaceae_Bacteroides_uniformis.1,6602.0,0.7809096059319688,0.0205088167765104,0.020621366477820893,0.022787035383866856,-0.00493919895302296,-0.023565891472868215
Bacteria_Bacteroidota_Bacteroidia_Bacteroidales_Barnesiellaceae_Barnesiella_NA.40,6594.0,0.7857705350393518,0.004021747986581884,0.0021464739896023878,0.00742049229581904,0.2527155776492201,-0.022325581395348838
Bacteria_Bacteroidota_Bacteroidia_Bacteroidales_Rikenellaceae_Alistipes_NA.28,6352.0,0.7917479691776734,0.0004288276436701471,0.0004345950604781303,0.0015216347972920115,-0.003790276627642341,0.015193798449612403
Bacteria_Proteobacteria_Alphaproteobacteria_Rhodospirillales_NA_NA_NA.4,6350.0,0.7922514330037094,0.001190882969502172,0.00042662558039104607,0.005498733139648675,0.13898790315908216,0.015503875968992248
Bacteria_Bacteroidota_Bacteroidia_Bacteroidales_Bacteroidaceae_Bacteroides_NA.359,6532.0,0.7935720015542524,0.001497363283092115,0.00047666303809897097,0.008482209953198067,0.12033423490163754,-0.012713178294573644
Bacteria_Firmicutes_Clostridia_Lachnospirales_Lachnospiraceae_Lachnoclostridium_NA.68,6587.0,0.8019267122785375,0.0025543678921539593,0.002068723629872765,0.004065856888289765,0.11944450471926785,-0.021240310077519378
Bacteria_Firmicutes_Clostridia_Lachnospirales_Lachnospiraceae_Anaerostipes_hadrus.1,6324.0,0.8177777704790457,0.002549193452885908,0.0025459853586472007,0.0018826860982383276,0.0017039984741530766,0.01953488372093023
Bacteria_Actinobacteriota_Actinobacteria_Bifidobacteriales_Bifidobacteriaceae_Bifidobacterium_longum.1,6387.0,0.8180231900353181,0.0005865223977974935,0.0002710515503327381,0.002838430799936746,0.11114269457327818,0.009767441860465116
Bacteria_Firmicutes_Clostridia_Lachnospirales_Lachnospiraceae_NA_NA.43,6551.0,0.8236650915173289,0.0003903831456255952,0.0003566837548068705,0.0007479198288862832,0.045057490812759955,-0.01565891472868217
Bacteria_Firmicutes_Clostridia_Oscillospirales_Oscillospiraceae_Colidextribacter_NA.14,6359.0,0.8263453256363589,0.0005065089750484144,0.0004283244726245584,0.0012491683090525472,0.06258924586644082,0.014108527131782947
Bacteria_Bacteroidota_Bacteroidia_Bacteroidales_Rikenellaceae_Alistipes_NA.47,6568.0,0.8292063902965008,0.010134977766761895,0.013828543573588896,0.02587748288041744,-0.14273280843795183,-0.018294573643410854
Bacteria_Firmicutes_Clostridia_Clostridia-UCG-014_NA_NA_NA.9,6547.0,0.8329280510721688,0.0004273392492295497,0.0004828142614594489,0.000823261100692333,-0.06738446913530435,-0.01503875968992248
Bacteria_Bacteroidota_Bacteroidia_Bacteroidales_Rikenellaceae_Rikenellaceae-RC9-gut-group_NA.34,6380.5,0.8345848327457583,0.0016168133133929491,0.0005244291838367471,0.007829293268042723,0.13952525370521618,0.010775193798449613
Bacteria_Bacteroidota_Bacteroidia_Bacteroidales_Prevotellaceae_Prevotella_9_NA.134,6393.0,0.8380853192611308,0.00036095025443312693,0.00019462994463028278,0.0017372446655192777,0.09573798849635815,0.008837209302325582
Bacteria_Bacteroidota_Bacteroidia_Bacteroidales_Bacteroidaceae_Bacteroides_vulgatus.1,6557.0,0.8449859847327519,0.01477642671862639,0.021013288294349074,0.028142352725352385,-0.22161834287948964,-0.016589147286821704
Bacteria_Firmicutes_Clostridia_Oscillospirales_Ruminococcaceae_Faecalibacterium_prausnitzii.4,6544.0,0.8523310911347218,0.0018028696654895577,0.0013025243418564659,0.0033717705342632778,0.14839245985119087,-0.014573643410852714
Bacteria_Bacteroidota_Bacteroidia_Bacteroidales_Prevotellaceae_Prevotella_9_NA.108,6522.0,0.8601006448296143,0.0014965144328894316,0.0006040793054725794,0.0047230549013365705,0.18895294381699929,-0.011162790697674419
Bacteria_Firmicutes_Clostridia_Christensenellales_Christensenellaceae_Christensenellaceae-R-7-group_NA.97,6355.0,0.8618299531206033,0.005254129614002474,0.0037353090063234474,0.009908344406271958,0.15328702206976338,0.014728682170542635
Bacteria_Firmicutes_Clostridia_Oscillospirales_Oscillospiraceae_Flavonifractor_plautii.2,6399.5,0.8672322879737262,0.00015566133185129728,0.00027751888873688425,0.0010622618922213655,-0.11471517313942482,0.007829457364341085
Bacteria_Bacteroidota_Bacteroidia_Bacteroidales_Rikenellaceae_Rikenellaceae-RC9-gut-group_NA.44,6388.0,0.8724991868286245,0.0009734852731414843,0.004873037106603397,0.016038778621170955,-0.24313271761944275,0.009612403100775194
Bacteria_Firmicutes_Clostridia_Lachnospirales_Lachnospiraceae_Lachnospiraceae-NK4A136-group_NA.20,6517.0,0.8726034400421703,0.0009257392602567132,0.0008009210870924174,0.00369397635594894,0.03378965135044332,-0.010387596899224806
Bacteria_Firmicutes_Clostridia_Lachnospirales_Lachnospiraceae_Eubacterium-eligens-group_NA.15,6536.0,0.875270146015076,0.003988000145959031,0.004443904709805511,0.004018587793979393,-0.11344894953633002,-0.013333333333333334
Bacteria_Bacteroidota_Bacteroidia_Bacteroidales_Barnesiellaceae_Coprobacter_NA.10,6519.0,0.8764540674144625,0.00036285537922168306,0.0006997947094339368,0.001556567904779332,-0.21646298190891983,-0.010697674418604652
Bacteria_Firmicutes_Clostridia_Oscillospirales_Ruminococcaceae_Eubacterium-siraeum-group_NA.13,6500.0,0.8867693400805422,0.00026642545641081304,0.0003002893177392213,0.0009929103456218571,-0.034105658660651184,-0.007751937984496124
Bacteria_Firmicutes_Clostridia_Oscillospirales_Eubacterium-coprostanoligenes-group_NA_NA.55,6492.0,0.8911667124228623,0.0002635409646709959,0.0001264196580279352,0.000773348314214231,0.17730859966040566,-0.0065116279069767444
Bacteria_Firmicutes_Clostridia_Oscillospirales_Ruminococcaceae_Ruminococcus_bromii.2,6379.0,0.8964552031278701,0.0028457480521205717,0.002648214143442602,0.0038734379668100578,0.05099704974509957,0.011007751937984495
Bacteria_Firmicutes_Clostridia_Oscillospirales_Oscillospiraceae_NK4A214-group_NA.47,6494.0,0.9004178452470082,0.00022278792512897512,0.00027620499818167127,0.0008626055232438869,-0.06192526202686207,-0.006821705426356589
Bacteria_Firmicutes_Clostridia_Oscillospirales_Eubacterium-coprostanoligenes-group_NA_NA.10,6391.0,0.9143691950986206,0.004916710131918212,0.004342042113635377,0.006098149328815197,0.09423646212915657,0.009147286821705427
Bacteria_Firmicutes_Clostridia_Oscillospirales_Oscillospiraceae_UCG-005_NA.39,6398.5,0.9185211634397343,0.0008736876225814613,0.0007818709399717116,0.002347957792911444,0.039104911888513075,0.007984496124031008
Bacteria_Bacteroidota_Bacteroidia_Bacteroidales_Bacteroidaceae_Bacteroides_NA.311,6506.0,0.918613855684392,0.0029062087241090023,0.003229461977123129,0.004935355243351135,-0.06549746412876971,-0.008682170542635658
Bacteria_Firmicutes_Clostridia_Lachnospirales_Lachnospiraceae_Lachnoclostridium_NA.88,6400.5,0.9240080680361316,0.0006034023957644318,0.0007443705436434036,0.0010760222802543586,-0.13100857711389452,0.007674418604651163
Bacteria_Proteobacteria_Alphaproteobacteria_Rhodospirillales_NA_NA_NA.6,6415.0,0.9272339287468218,0.0011476169191077885,0.0003983455569118789,0.004717059771434225,0.1588428806294505,0.005426356589147287
Bacteria_Firmicutes_Clostridia_Lachnospirales_Lachnospiraceae_Coprococcus_catus.1,6500.0,0.9274433178575665,0.0013028278033472831,0.0012751635970117455,0.0010176983070751867,0.027183111284760905,-0.007751937984496124
Bacteria_Firmicutes_Clostridia_Christensenellales_Christensenellaceae_Christensenellaceae-R-7-group_NA.141,6495.0,0.9284518436719179,0.0010977267989817606,0.0007544879082321694,0.00228241513512881,0.15038407582686322,-0.0069767441860465115
Bacteria_Firmicutes_Clostridia_Lachnospirales_Lachnospiraceae_NA_NA.31,6415.0,0.9287575213761091,0.00021116935754743533,0.0003290871629514208,0.0007480372735216046,-0.1576362697126747,0.005426356589147287
Bacteria_Firmicutes_Clostridia_Lachnospirales_Lachnospiraceae_Blautia_NA.18,6405.0,0.9344135740927155,0.0011056146437476517,0.0013244972954086613,0.0013664221807671024,-0.1601866939382746,0.0069767441860465115
Bacteria_Firmicutes_Clostridia_Christensenellales_Christensenellaceae_Christensenellaceae-R-7-group_NA.10,6479.0,0.9352642948183045,0.0005589964318296641,0.000234934464728336,0.0019984732603518696,0.1621547676070836,-0.004496124031007752
Bacteria_Bacteroidota_Bacteroidia_Bacteroidales_Rikenellaceae_Alistipes_inops.1,6488.0,0.9361206437210359,0.0006239452985040614,0.0006669566022955248,0.001609766619492123,-0.02671896861983218,-0.005891472868217054
Bacteria_Firmicutes_Clostridia_Lachnospirales_Lachnospiraceae_Sellimonas_intestinalis.1,6480.0,0.9398676519446255,0.0002750341532446098,0.0004611210010531835,0.0010353635121034914,-0.17973093085974343,-0.004651162790697674
Bacteria_Bacteroidota_Bacteroidia_Bacteroidales_Muribaculaceae_NA_NA.137,6427.0,0.9438173876521732,0.0008767813090308672,0.0003521801264642445,0.004704061324676575,0.11152090637395999,0.003565891472868217
Bacteria_Firmicutes_Clostridia_Clostridia-UCG-014_NA_NA_NA.103,6429.0,0.9461122078584135,0.00016165243540195497,0.00023084202275732262,0.0006699262514316328,-0.10327940905063722,0.0032558139534883722
Bacteria_Firmicutes_Clostridia_Lachnospirales_Lachnospiraceae_NA_NA.32,6480.5,0.9535591722010169,0.0010567634242740894,0.0008637504213923009,0.0015465138277825864,0.12480522282722384,-0.004728682170542635
Bacteria_Bacteroidota_Bacteroidia_Bacteroidales_Rikenellaceae_Alistipes_NA.34,6480.0,0.9542695520791136,0.0011298445920270594,0.0013234072982421538,0.002208612938702206,-0.08763994035497819,-0.004651162790697674
Bacteria_Firmicutes_Clostridia_Clostridia-UCG-014_NA_NA_NA.6,6467.0,0.9592667880412953,0.00041700221490109885,0.00020866863013826922,0.001594596356669431,0.13064973081837938,-0.002635658914728682
Bacteria_Bacteroidota_Bacteroidia_Bacteroidales_Rikenellaceae_Rikenellaceae-RC9-gut-group_NA.48,6475.0,0.9613684812679535,0.006132598226957712,0.0020261745981837494,0.01463251085979497,0.28063697803614696,-0.003875968992248062
Bacteria_Verrucomicrobiota_Verrucomicrobiae_Verrucomicrobiales_Akkermansiaceae_Akkermansia_muciniphila.2,6424.5,0.962535726993853,0.008811804916017954,0.00815843705765866,0.025159447764872216,0.02596908582673782,0.003953488372093023
Bacteria_Firmicutes_Clostridia_Oscillospirales_Oscillospiraceae_Intestinimonas_NA.7,6429.5,0.9647580634679995,0.0005038011483596519,0.0005814238711563368,0.0010455209961197796,-0.07424310280210963,0.003178294573643411
Bacteria_Firmicutes_Clostridia_Oscillospirales_Ruminococcaceae_NA_NA.13,6426.0,0.9655694992579665,0.003104112005543433,0.003191917901781502,0.003330642840788267,-0.026363047746448893,0.0037209302325581397
Bacteria_Bacteroidota_Bacteroidia_Bacteroidales_Bacteroidaceae_Bacteroides_intestinalis.3,6437.0,0.969135790915165,0.00022176595101616953,0.0003007193426725794,0.0011022509029934321,-0.07162923744674884,0.0020155038759689923
Bacteria_Firmicutes_Clostridia_Lachnospirales_Lachnospiraceae_Eubacterium-eligens-group_NA.13,6431.0,0.972906005678049,0.004356132582060802,0.004623401347701164,0.004770127835356342,-0.056029686177246095,0.002945736434108527
Bacteria_Firmicutes_Clostridia_Oscillospirales_Oscillospiraceae_UCG-003_NA.8,6435.0,0.9730539259394553,0.0003885345347216447,0.0003510680326647427,0.0007917071332179343,0.04732368888053015,0.002325581395348837
Bacteria_Firmicutes_Clostridia_Oscillospirales_UCG-010_NA_NA.18,6464.0,0.974911640614088,0.0006908301809040951,0.0005851845492543784,0.0016149615689542355,0.06541680847435105,-0.0021705426356589145
Bacteria_Bacteroidota_Bacteroidia_Bacteroidales_Prevotellaceae_Paraprevotella_NA.1,6440.0,0.9781981160410727,0.0006696011795737811,0.00047392911839682885,0.0027627536587066033,0.07082501205285059,0.0015503875968992248
Bacteria_Firmicutes_Clostridia_Christensenellales_Christensenellaceae_Christensenellaceae-R-7-group_NA.165,6462.5,0.9797769213388791,0.0012746983949887783,0.000650349621400696,0.002918244464128808,0.2139467002379703,-0.001937984496124031
Bacteria_Firmicutes_Clostridia_Oscillospirales_Oscillospiraceae_Oscillibacter_NA.3,6460.5,0.9853085269302976,0.0014615813559154416,0.0016779583279930195,0.0015507634813759206,-0.13952931873634047,-0.0016279069767441861
Bacteria_Firmicutes_Clostridia_Oscillospirales_Ruminococcaceae_CAG-352_NA.6,6457.5,0.9874754911748194,0.0006522159634614293,0.0006363308522323431,0.0015275711746564862,0.010398933609531043,-0.0011627906976744186
Bacteria_Bacteroidota_Bacteroidia_Bacteroidales_Bacteroidaceae_Bacteroides_NA.286,6442.5,0.9889949970493785,0.004179123453083166,0.003374892640062806,0.012554186903008153,0.06406076468621441,0.0011627906976744186
Bacteria_Firmicutes_Clostridia_Oscillospirales_Ruminococcaceae_Ruminococcus_bromii.1,6443.0,0.9901588765898858,0.0019552305352611306,0.0015817288003692096,0.004059872001226259,0.09199840161933853,0.0010852713178294573
Bacteria_Bacteroidota_Bacteroidia_Bacteroidales_Tannerellaceae_Parabacteroides_distasonis.10,6454.0,0.9934015386912554,0.0008199824260799934,0.00047483496536432406,0.0029017436313942616,0.11894484991075144,-0.00062015503875969
