,ID
0,U1
1,U10
2,U100
3,U102
4,U103
5,U104
6,U105
7,U107
8,U108
9,U112
10,U113
11,U114
12,U115
13,U117
14,U119
15,U120
16,U121
17,U122
18,U125
19,U126
20,U127
21,U128
22,U129
23,U13
24,U130
25,U131
26,U132
27,U133
28,U134
29,U135
30,U136
31,U137
32,U138
33,U139
34,U14
35,U140
36,U142
37,U146
38,U147
39,U148
40,U149
41,U15
42,U150
43,U151
44,U152
45,U153
46,U154
47,U156
48,U157
49,U158
50,U159
51,U16
52,U160
53,U162
54,U163
55,U164
56,U165
57,U166
58,U167
59,U168
60,U169
61,U170
62,U171
63,U172
64,U173
65,U174
66,U175
67,U176
68,U177
69,U179
70,U18
71,U180
72,U181
73,U182
74,U183
75,U184
76,U185
77,U186
78,U187
79,U188
80,U189
81,U190
82,U193
83,U194
84,U195
85,U196
86,U197
87,U198
88,U199
89,U2
90,U20
91,U200
92,U201
93,U202
94,U204
95,U205
96,U206
97,U208
98,U209
99,U21
100,U211
101,U212
102,U213
103,U214
104,U215
105,U216
106,U217
107,U218
108,U219
109,U22
110,U220
111,U221
112,U222
113,U224
114,U225
115,U226
116,U227
117,U228
118,U230
119,U231
120,U232
121,U234
122,U235
123,U236
124,U237
125,U238
126,U239
127,U241
128,U242
129,U243
130,U244
131,U245
132,U247
133,U248
134,U249
135,U25
136,U251
137,U252
138,U253
139,U254
140,U255
141,U257
142,U258
143,U260
144,U261
145,U262
146,U263
147,U264
148,U265
149,U266
150,U267
151,U268
152,U269
153,U271
154,U272
155,U273
156,U274
157,U275
158,U276
159,U279
160,U28
161,U280
162,U282
163,U283
164,U284
165,U286
166,U288
167,U289
168,U290
169,U291
170,U294
171,U295
172,U296
173,U3
174,U30
175,U34
176,U35
177,U36
178,U38
179,U39
180,U40
181,U41
182,U42
183,U44
184,U46
185,U47
186,U48
187,U49
188,U5
189,U50
190,U51
191,U52
192,U53
193,U54
194,U55
195,U57
196,U58
197,U59
198,U60
199,U61
200,U63
201,U65
202,U66
203,U67
204,U68
205,U70
206,U72
207,U73
208,U74
209,U76
210,U77
211,U78
212,U8
213,U82
214,U83
215,U84
216,U86
217,U88
218,U9
219,U90
220,U91
221,U94
222,U95
223,U97
224,U98
225,U99
