ASV,MannWU_stat,p_value,Cancer_pos_mean,Cancer_neg_mean,Cancer_pooled_stdev,Cancer_cohens_d
Bacteria_Bacteroidota_Bacteroidia_Bacteroidales_Rikenellaceae_Alistipes_putredinis.1,18238.0,8.502141748342095e-09,0.014708179919422245,0.007828715756232988,0.010145804394830291,0.6780600034724334
Bacteria_Firmicutes_Clostridia_Lachnospirales_Lachnospiraceae_Coprococcus_catus.1,18226.0,8.154330560069875e-09,0.0012967919765104387,0.000752941421579935,0.0008568925980804121,0.6346776202161428
Bacteria_Firmicutes_Clostridia_Clostridia-UCG-014_NA_NA_NA.53,17248.0,3.2451037091475435e-08,0.0006781008365451528,9.561608663512968e-05,0.0009634263715063626,0.6045970581013685
Bacteria_Firmicutes_Clostridia_Lachnospirales_Lachnospiraceae_Lachnospiraceae_UCG-010_NA.4,20370.0,3.8524061465456255e-16,0.003163858851796365,0.0010053807963392547,0.0036235285028955472,0.5956840283531036
Bacteria_Firmicutes_Clostridia_Peptostreptococcales-Tissierellales_Anaerovoracaceae_Family-XIII-AD3011-group_NA.12,15466.0,3.504670939464477e-05,0.000246713313713949,1.658659374337638e-05,0.0004000886810947889,0.5751892788890247
Bacteria_Firmicutes_Clostridia_Oscillospirales_Ruminococcaceae_NA_NA.13,18873.0,8.981555622805983e-11,0.003123269655631739,0.0015042787537566885,0.002817224673410829,0.5746758209081456
Bacteria_Firmicutes_Clostridia_Lachnospirales_Lachnospiraceae_NA_NA.32,17679.0,1.7206604492511982e-08,0.0010146514963726085,0.00026424395719028883,0.0013359128600957967,0.5617189276316338
Bacteria_Firmicutes_Clostridia_Oscillospirales_Oscillospiraceae_UCG-002_NA.2,18026.0,3.34417313548133e-08,0.013817114615228745,0.007442261790898725,0.011732289941427072,0.5433596387539164
Bacteria_Firmicutes_Clostridia_Lachnospirales_Lachnospiraceae_Blautia_obeum.1,17424.0,1.2174047469500064e-06,0.0030129335445091914,0.0018748308594058087,0.0021608866929033283,0.5266831846579834
Bacteria_Firmicutes_Clostridia_Lachnospirales_Lachnospiraceae_Ruminococcus-torques-group_NA.19,18300.0,5.6194129155884244e-09,0.0044235289368527615,0.0022575991241484033,0.004116025516065239,0.5262187525928905
Bacteria_Firmicutes_Clostridia_Christensenellales_Christensenellaceae_Christensenellaceae-R-7-group_NA.128,18943.5,5.119083457065403e-11,0.004377840096863539,0.0013271533988072728,0.005838747007049022,0.5224899613518488
Bacteria_Firmicutes_Clostridia_Christensenellales_Christensenellaceae_Christensenellaceae-R-7-group_NA.2,19439.0,1.2723155730541948e-12,0.013956524246533292,0.004241885620327265,0.018651335371277174,0.5208548574578982
Bacteria_Firmicutes_Clostridia_Oscillospirales_Oscillospiraceae_NA_NA.16,16210.0,0.0003689040137766385,0.0012758194438594632,0.0007009585073633281,0.0011324283288601635,0.5076356020471129
Bacteria_Firmicutes_Clostridia_Lachnospirales_Lachnospiraceae_Eubacterium-ruminantium-group_NA.2,17880.0,7.973134610835608e-08,0.004661655753445041,0.002349650964704047,0.004560198842838294,0.5069964859913848
Bacteria_Firmicutes_Clostridia_Lachnospirales_Lachnospiraceae_Eubacterium-hallii-group_NA.10,16147.0,0.00011933131760370428,0.0005108565345630378,0.00022540578706270188,0.0005787925144554911,0.4931832053302876
Bacteria_Firmicutes_Clostridia_Oscillospirales_Oscillospiraceae_UCG-002_NA.64,19243.0,6.1054648789171975e-12,0.004927177969172665,0.0025230800686174277,0.00494541279973936,0.4861268407526954
Bacteria_Bacteroidota_Bacteroidia_Bacteroidales_Marinifilaceae_Odoribacter_splanchnicus.3,15636.0,0.0015666053497582276,0.0005901778197446151,0.00027306443098815386,0.0006633548266972699,0.478044895422431
Bacteria_Firmicutes_Clostridia_Oscillospirales_Ruminococcaceae_Incertae-Sedis_NA.23,17283.0,2.222350500911572e-06,0.001359722108029843,0.0007905128404180254,0.0012090935704180126,0.4707735460168135
Bacteria_Firmicutes_Clostridia_Lachnospirales_Lachnospiraceae_Eubacterium-eligens-group_NA.15,17564.0,5.490118991950282e-07,0.0040874702326164445,0.0026149604734095407,0.0032967057281935524,0.4466609641903869
Bacteria_Firmicutes_Clostridia_Oscillospirales_Oscillospiraceae_Intestinimonas_NA.7,15806.0,9.488822713156095e-05,0.0005207370151516559,0.00016582936704959153,0.0008077476173712152,0.4393793809718663
Bacteria_Bacteroidota_Bacteroidia_Bacteroidales_Rikenellaceae_Alistipes_obesi.1,17366.0,7.070080950034964e-07,0.001327417638804231,0.0006442649280834357,0.0015781891183933461,0.43287125906448376
Bacteria_Firmicutes_Clostridia_Lachnospirales_Lachnospiraceae_Blautia_NA.18,16458.0,0.00013530018239282373,0.0011533708586555084,0.0007322394971651205,0.0009785125107929318,0.4303791283661019
Bacteria_Firmicutes_Clostridia_Oscillospirales_Ruminococcaceae_Ruminococcus_champanellensis.2,15265.5,0.0007479107054841786,0.0004997206840531243,0.00010055539309024686,0.000940918682485024,0.4242293179987216
Bacteria_Firmicutes_Clostridia_Clostridia-vadinBB60-group_NA_NA_NA.16,16403.0,0.00019485057348821386,0.0035850378224651226,0.0020731303374449815,0.003572683145418028,0.4231854389212111
Bacteria_Firmicutes_Clostridia_Oscillospirales_Oscillospiraceae_UCG-002_NA.55,17115.0,6.523954179975568e-06,0.009741338924987698,0.006424848073754612,0.007870296661564139,0.42139337230192386
Bacteria_Firmicutes_Clostridia_Oscillospirales_Oscillospiraceae_NK4A214-group_NA.14,17582.0,3.242144291217342e-08,0.0010064538718779186,0.00039084174820255596,0.0014609457581924502,0.42137917867465974
Bacteria_Firmicutes_Clostridia_Oscillospirales_Butyricicoccaceae_Butyricicoccus_NA.25,16434.0,0.00012033631181609064,0.0008564146731000363,0.000549814801502686,0.0007296991527222549,0.4201729856113062
Bacteria_Bacteroidota_Bacteroidia_Bacteroidales_Barnesiellaceae_Coprobacter_NA.10,15705.5,0.00010675443853575857,0.00043636941490435657,9.656159553013538e-05,0.0008451899231611734,0.4020490662066514
Bacteria_Firmicutes_Clostridia_Lachnospirales_Lachnospiraceae_Anaerostipes_hadrus.1,15677.0,0.003630007726127734,0.0025484935050520082,0.0019418231717159872,0.0015155334045525292,0.40030152520138235
Bacteria_Bacteroidota_Bacteroidia_Bacteroidales_Bacteroidaceae_Bacteroides_ovatus.1,16066.0,4.8534551739122034e-05,0.0013061845506055826,0.00020575562812890006,0.002782027529904588,0.39554925702493776
Bacteria_Firmicutes_Clostridia_Oscillospirales_Oscillospiraceae_UCG-005_NA.62,17299.0,2.345417799330515e-06,0.0030471186957063356,0.0017828276622873008,0.0031990243713033786,0.39521144157583415
Bacteria_Firmicutes_Clostridia_Clostridia-vadinBB60-group_NA_NA_NA.56,15392.0,2.1004540244312737e-05,0.0003510524559594964,1.2183788871661703e-05,0.0008628574301658116,0.3927284569163596
Bacteria_Firmicutes_Clostridia_Oscillospirales_Ruminococcaceae_Ruminococcus_bromii.2,15342.5,0.010660997687239063,0.0028026497447726506,0.0015991092477589328,0.003081539711488961,0.3905646558850226
Bacteria_Bacteroidota_Bacteroidia_Bacteroidales_Prevotellaceae_Prevotella_7_NA.8,15627.5,3.3666641744710267e-06,0.0006836313434787571,0.0,0.0017511200113847305,0.3903966256077235
Bacteria_Firmicutes_Clostridia_Oscillospirales_Oscillospiraceae_NK4A214-group_NA.35,15498.0,8.062209793445516e-05,0.0002796443487312956,7.763424112229987e-05,0.0005276221305999715,0.3828689054025942
Bacteria_Firmicutes_Clostridia_Peptostreptococcales-Tissierellales_Family-XI_Parvimonas_micra.1,16164.0,1.155477142506326e-06,0.0006791990138783592,4.3434484329103154e-05,0.0016765076479102867,0.37921958205303524
Bacteria_Firmicutes_Clostridia_Lachnospirales_Lachnospiraceae_Roseburia_hominis.1,16610.0,9.292866500251654e-06,0.0015560725977230379,0.0007070154580159645,0.0022467617688847696,0.3779026114230713
Bacteria_Bacteroidota_Bacteroidia_Bacteroidales_Tannerellaceae_Parabacteroides_merdae.1,15953.0,0.0013013370639837916,0.008156631614706832,0.00550690067675678,0.007028648446919251,0.3769901081212083
Bacteria_Firmicutes_Clostridia_Christensenellales_Christensenellaceae_Christensenellaceae-R-7-group_NA.99,17208.0,4.7284340338965914e-08,0.0013978005422174795,0.0001637808055326144,0.0032940666624735214,0.3746189325015776
Bacteria_Bacteroidota_Bacteroidia_Bacteroidales_Rikenellaceae_Alistipes_finegoldii.1,15594.0,1.3105595300568845e-05,0.0005819416136834744,5.7171550171373844e-05,0.0014231660694466984,0.36873424316258596
Bacteria_Firmicutes_Clostridia_Clostridia-UCG-014_NA_NA_NA.116,14918.0,0.000703602805325795,0.00031926596232137775,2.3494372022992967e-05,0.0008047230740145524,0.367544562656639
Bacteria_Firmicutes_Clostridia_Lachnospirales_Lachnospiraceae_Frisingicoccus_NA.1,14915.0,0.004775035351439217,0.0004087736570109973,0.00012384993554408205,0.0007856537014583818,0.3626581545253605
Bacteria_Firmicutes_Clostridia_Oscillospirales_Oscillospiraceae_UCG-002_NA.37,16189.5,6.355551936867028e-06,0.0007152644533855214,0.00011077433863003918,0.001730708298544237,0.3492732514566096
Bacteria_Firmicutes_Clostridia_Christensenellales_Christensenellaceae_Christensenellaceae-R-7-group_NA.141,15985.5,0.00022739973788081765,0.0010228383137273044,0.00033149160799257003,0.0019849626782072497,0.3482920426287989
Bacteria_Bacteroidota_Bacteroidia_Bacteroidales_Rikenellaceae_Alistipes_NA.47,16146.0,0.0006023101694117545,0.010940846670069605,0.005414085505073382,0.01613675755189809,0.3424951479391927
Bacteria_Firmicutes_Clostridia_Lachnospirales_Lachnospiraceae_Sellimonas_intestinalis.1,14825.0,0.003500245281979804,0.0003156349200392077,9.39072346275194e-05,0.0006499498359289864,0.3411458441169824
Bacteria_Firmicutes_Clostridia_Oscillospirales_Oscillospiraceae_UCG-005_NA.33,14893.5,0.0017419846281671837,0.0002957122156346674,8.46020419517107e-05,0.0006213496844745615,0.33976065162321606
Bacteria_Proteobacteria_Alphaproteobacteria_Rhodospirillales_NA_NA_NA.13,18296.5,2.768577233707908e-10,0.0028561780369833105,0.0007556178700380315,0.006306770787443026,0.3330642951425409
Bacteria_Bacteroidota_Bacteroidia_Bacteroidales_Tannerellaceae_Parabacteroides_distasonis.6,16005.0,1.368724848019982e-05,0.0007885112042136929,0.0001416845940347626,0.0019701630361716486,0.3283112099371334
Bacteria_Firmicutes_Clostridia_Oscillospirales_Ruminococcaceae_Ruminococcus_NA.13,15443.0,0.002040075272679371,0.0010073554465263035,0.00034378970607050225,0.0020297465358750204,0.32692049412452334
Bacteria_Firmicutes_Clostridia_Oscillospirales_Oscillospiraceae_UCG-002_NA.11,15504.0,0.002952738458319678,0.0012922420516915556,0.0005544908533481181,0.0023020041878060496,0.32048212694459055
Bacteria_Bacteroidota_Bacteroidia_Bacteroidales_Rikenellaceae_Alistipes_shahii.2,15319.5,0.008593604896638836,0.0014632475222329825,0.0007884118523417883,0.0021142439306805986,0.31918534096203227
Bacteria_Firmicutes_Clostridia_Christensenellales_Christensenellaceae_Christensenellaceae-R-7-group_NA.97,18343.5,3.3631176455179396e-09,0.0049227505723270495,0.002009499299387103,0.009146225004211112,0.31851952817677515
Bacteria_Firmicutes_Clostridia_Peptostreptococcales-Tissierellales_Peptostreptococcaceae_Peptostreptococcus_stomatis.1,16731.0,4.569594804822485e-08,0.0010054276283293724,4.0949534181881004e-05,0.003038888460844844,0.31737857659947016
Bacteria_Bacteroidota_Bacteroidia_Bacteroidales_Bacteroidaceae_Bacteroides_intestinalis.3,14691.0,0.0005851014282502738,0.00023899214555938626,9.890015323101663e-06,0.0007273777801155094,0.314969932405555
Bacteria_Firmicutes_Clostridia_Lachnospirales_Lachnospiraceae_Coprococcus_NA.8,14856.5,0.01640504110279935,0.0005679279667925407,0.00026786664125324567,0.0009532279271861218,0.3147844465961674
Bacteria_Firmicutes_Clostridia_Christensenellales_Christensenellaceae_Christensenellaceae-R-7-group_NA.96,15791.0,0.0014743248895161122,0.0013185079325635967,0.000598603973758331,0.0022877851619966887,0.3146728857079228
Bacteria_Firmicutes_Clostridia_Oscillospirales_Oscillospiraceae_Colidextribacter_NA.14,14459.0,0.03341685831415443,0.0004894505381559367,0.00016845493561823462,0.0010221015467007282,0.314054512072556
Bacteria_Firmicutes_Clostridia_Oscillospirales_Ruminococcaceae_Eubacterium-siraeum-group_NA.12,16202.0,0.00037958330993464155,0.0014904859135468661,0.0009248567123316479,0.0018084765318325847,0.31276557437106955
Bacteria_Bacteroidota_Bacteroidia_Bacteroidales_Rikenellaceae_Alistipes_NA.28,14707.0,0.0035915907859186513,0.00043008598915552526,8.404626530949154e-05,0.0011192720232312643,0.3091649899789686
Bacteria_Firmicutes_Clostridia_Lachnospirales_Lachnospiraceae_Lachnospiraceae_UCG-010_NA.16,15662.5,0.00017452701643933056,0.0006967750219640605,0.00012575488837755867,0.0018580620018329363,0.3073202794218941
Bacteria_Firmicutes_Clostridia_Oscillospirales_Ruminococcaceae_Faecalibacterium_prausnitzii.1,15425.0,0.00858426117996884,0.019746012170656597,0.014247427033723881,0.018034310658044495,0.3048957756796755
Bacteria_Bacteroidota_Bacteroidia_Bacteroidales_Bacteroidaceae_Bacteroides_NA.286,15858.0,0.0006526773082485267,0.004003654912060542,0.0009667689941629394,0.009985129348544744,0.3041408690754923
Bacteria_Firmicutes_Clostridia_Clostridia-UCG-014_NA_NA_NA.118,14415.0,0.0052546438024519216,0.0003430991177036172,4.307911178717093e-05,0.0009877395300196337,0.30374405073216276
Bacteria_Firmicutes_Clostridia_Oscillospirales_Ruminococcaceae_Subdoligranulum_NA.60,15850.0,0.0019281843425879327,0.011846203466028705,0.008617446294204634,0.01063181419499165,0.30368826172160235
Bacteria_Firmicutes_Clostridia_Clostridia-vadinBB60-group_NA_NA_NA.9,15820.5,4.27254512956576e-06,0.0007954043721498139,2.8919889553438077e-05,0.002527631817676241,0.3032421404241688
Bacteria_Bacteroidota_Bacteroidia_Bacteroidales_Rikenellaceae_Alistipes_NA.40,16511.5,3.4413255625139997e-07,0.0024056967283335394,0.00020748903012651786,0.007259895714222915,0.3027877788795914
Bacteria_Bacteroidota_Bacteroidia_Bacteroidales_Bacteroidaceae_Bacteroides_clarus.1,15153.0,0.0017568878582517051,0.0008618777799007484,0.00017555542054572624,0.002269965434996416,0.30234925553221287
Bacteria_Bacteroidota_Bacteroidia_Bacteroidales_Porphyromonadaceae_Porphyromonas_NA.34,16007.5,4.741424223357201e-07,0.0010479128428415641,0.0,0.0034860888585407377,0.30059843146976356
Bacteria_Firmicutes_Clostridia_Christensenellales_Christensenellaceae_Christensenellaceae-R-7-group_NA.104,17898.0,4.868023949719824e-08,0.002015465615786233,0.0011662572842373747,0.002904049681862211,0.29242210863428014
Bacteria_Firmicutes_Clostridia_Lachnospirales_Lachnospiraceae_NA_NA.44,15886.0,1.697903304204502e-05,0.0009603059658925127,0.00016027888968253603,0.0027983401737979286,0.2858934320069364
Bacteria_Firmicutes_Clostridia_Clostridia-UCG-014_NA_NA_NA.22,15448.0,0.002043104992655666,0.0015727163516810554,0.0003673333577390381,0.004223132375588106,0.28542391920029686
Bacteria_Firmicutes_Clostridia_Oscillospirales_Ruminococcaceae_CAG-352_NA.6,15248.0,0.001738412851685659,0.0006487501210114469,0.0002892966626753427,0.0012636192548596294,0.2844634227863475
Bacteria_Firmicutes_Clostridia_Oscillospirales_Oscillospiraceae_UCG-002_NA.36,14488.0,0.025433952347097884,0.0006968915895881152,0.0001751710327527427,0.0018373095272863247,0.283958989537242
Bacteria_Bacteroidota_Bacteroidia_Bacteroidales_Porphyromonadaceae_Porphyromonas_NA.30,15973.0,1.0494870158046272e-06,0.0013551591836629465,1.247945508703374e-05,0.004731529962224021,0.2837728471119722
Bacteria_Bacteroidota_Bacteroidia_Bacteroidales_Bacteroidaceae_Bacteroides_nordii.1,14688.0,0.0016072069817267994,0.0003951103678759098,7.316806414929838e-05,0.0011389399870882682,0.2826683647745707
Bacteria_Firmicutes_Clostridia_Christensenellales_Christensenellaceae_Christensenellaceae-R-7-group_NA.10,15200.0,2.8082593967221974e-05,0.0004882920026439198,0.0,0.0017319871252505943,0.28192588473962865
Bacteria_Firmicutes_Clostridia_Lachnospirales_Lachnospiraceae_Lachnospiraceae-NK4A136-group_NA.48,14208.0,0.20190928577831846,0.0016834570035009885,0.001315173326060721,0.0013120872278611822,0.280685361171149
Bacteria_Firmicutes_Clostridia_Clostridia-UCG-014_NA_NA_NA.28,16277.5,0.0001481177479149683,0.002240845609990054,0.0011658525663661092,0.003949462944645084,0.2721871451108268
Bacteria_Firmicutes_Clostridia_Clostridia-UCG-014_NA_NA_NA.6,14820.0,0.000173032396692891,0.00037154761458920875,0.0,0.0013688015758399352,0.2714400839005585
Bacteria_Firmicutes_Clostridia_Oscillospirales_Oscillospiraceae_NK4A214-group_NA.47,14388.5,0.013062504844947701,0.00023444255924956334,5.8719936856371396e-05,0.0006485093663407856,0.27096389275718086
Bacteria_Firmicutes_Clostridia_Christensenellales_Christensenellaceae_Christensenellaceae-R-7-group_NA.154,14819.0,0.0005780085704744164,0.00044459977739253663,5.1273081956076205e-05,0.0014735728622560606,0.2669204255256654
Bacteria_Bacteroidota_Bacteroidia_Bacteroidales_Bacteroidaceae_Bacteroides_NA.320,15034.0,0.0017906078815696936,0.0005866318640150975,0.00011914208495623971,0.001758041464512904,0.26591510410613894
Bacteria_Firmicutes_Clostridia_Christensenellales_Christensenellaceae_Christensenellaceae-R-7-group_NA.165,15942.0,0.00011705104301119901,0.0011384768443877423,0.0004031176762076181,0.0027765758749443946,0.2648438945306513
Bacteria_Firmicutes_Clostridia_Christensenellales_Christensenellaceae_Christensenellaceae-R-7-group_NA.131,15978.0,0.0011338463001014894,0.003373654604158022,0.0022985802411253,0.0040871428480003585,0.2630381180728009
Bacteria_Firmicutes_Clostridia_Oscillospirales_Ruminococcaceae_Faecalibacterium_prausnitzii.4,15120.0,0.011990816866808758,0.0016937034130605196,0.0008595574476706185,0.003198803863941117,0.26076808734443113
Bacteria_Firmicutes_Clostridia_Clostridia-vadinBB60-group_NA_NA_NA.20,15869.0,0.0014591457868611438,0.003859180562282203,0.002099748609965143,0.006759467928943512,0.26029148607737457
Bacteria_Firmicutes_Clostridia_Oscillospirales_Ruminococcaceae_Faecalibacterium_NA.13,14670.0,0.07376014643764314,0.017152103718087792,0.013467367823008737,0.014459923762979294,0.25482401950920525
Bacteria_Verrucomicrobiota_Verrucomicrobiae_Verrucomicrobiales_Akkermansiaceae_Akkermansia_muciniphila.1,15549.0,0.00042314267881751744,0.0039512466062490235,0.0003515888247168884,0.01414146529304669,0.25454630810444195
Bacteria_Firmicutes_Clostridia_Christensenellales_Christensenellaceae_Christensenellaceae-R-7-group_NA.113,16660.5,4.022819189596514e-05,0.002316210405732601,0.0014020521807141808,0.0036550553111238215,0.25010790458800025
Bacteria_Firmicutes_Clostridia_Lachnospirales_Lachnospiraceae_Lachnospiraceae_UCG-003_NA.9,14523.5,0.05550397544053462,0.0007718153587092125,0.0003930017035507484,0.0015240053144851236,0.24856452373097146
Bacteria_Firmicutes_Clostridia_Oscillospirales_Oscillospiraceae_UCG-003_NA.8,14403.0,0.05033454022984253,0.00038036002518195694,0.0002046519592074751,0.0007116104883033304,0.24691607116895767
Bacteria_Bacteroidota_Bacteroidia_Bacteroidales_Bacteroidaceae_Bacteroides_coprocola.3,15009.0,0.00033924883877078915,0.0011079839663152371,5.7763091024240265e-05,0.0042756528087474965,0.24562819346378292
Bacteria_Firmicutes_Clostridia_Lachnospirales_Lachnospiraceae_Eubacterium-eligens-group_NA.13,15257.5,0.014613043582649773,0.004414445767291426,0.0034917374327442245,0.003815464954367986,0.24183378581183795
Bacteria_Firmicutes_Clostridia_Oscillospirales_Oscillospiraceae_NK4A214-group_NA.48,15341.0,0.004907269376253077,0.0008572072432005238,0.0005096214391679666,0.0014392655477328588,0.24150220546866893
Bacteria_Firmicutes_Clostridia_Clostridia-UCG-014_NA_NA_NA.51,14565.5,0.023893156618956732,0.0005309848694647215,0.0002451337913134667,0.001199753370984762,0.23825819961366493
Bacteria_Firmicutes_Clostridia_Oscillospirales_Oscillospiraceae_UCG-002_NA.31,14773.0,0.004119312195236157,0.0008301729292031655,0.00015632078261547717,0.002833280144956686,0.23783463410321887
Bacteria_Firmicutes_Clostridia_Oscillospirales_Oscillospiraceae_UCG-005_NA.22,15116.5,0.022307202818152832,0.004246336328756471,0.0034587840278427085,0.0033495616094900635,0.23512100768125863
Bacteria_Firmicutes_Clostridia_Oscillospirales_Ruminococcaceae_NA_NA.38,13741.0,0.2397879916087997,0.0016971086519876576,0.000306952725087998,0.005954255763611243,0.23347265923567467
Bacteria_Firmicutes_Clostridia_Lachnospirales_Lachnospiraceae_Lachnospiraceae-NK4A136-group_NA.52,15858.0,0.0018705874872270813,0.006411605073170422,0.004746098233044088,0.007203965124542733,0.23119307372161255
Bacteria_Firmicutes_Clostridia_Lachnospirales_Lachnospiraceae_Eisenbergiella_tayi.1,14371.0,0.0168910008806228,0.00032964243836162196,7.718159386500866e-05,0.0011158842366906295,0.22624286300999713
Bacteria_Proteobacteria_Alphaproteobacteria_Rhodospirillales_NA_NA_NA.2,13645.0,0.22434588659991628,0.0006218667487926939,0.00012014949098453653,0.002227331844075576,0.22525483086081785
Bacteria_Firmicutes_Clostridia_Lachnospirales_Lachnospiraceae_Lachnospiraceae-NK4A136-group_NA.20,14249.0,0.07458302899180674,0.000898506204293594,0.0002169112295296106,0.0030408783933151807,0.22414410792037795
Bacteria_Firmicutes_Clostridia_Oscillospirales_Oscillospiraceae_UCG-002_NA.17,14135.5,0.2167476146678321,0.0017998213874156033,0.0012853980357869904,0.0023357056231994677,0.22024323036220284
Bacteria_Bacteroidota_Bacteroidia_Bacteroidales_Prevotellaceae_Prevotella_7_NA.18,17504.0,3.0952524105918397e-09,0.003878166474808444,0.00047942293877658714,0.01552530215219205,0.21891641803261017
Bacteria_Bacteroidota_Bacteroidia_Bacteroidales_Prevotellaceae_Paraprevotella_NA.1,14323.5,0.018257941823075725,0.0006269090934988096,0.00015116664391267792,0.00219370186357108,0.21686741370209753
Bacteria_Firmicutes_Clostridia_Peptostreptococcales-Tissierellales_Peptostreptococcaceae_Romboutsia_sedimentorum.1,14132.0,0.04716320883522759,0.0005312507936314721,7.245225339635802e-05,0.0021275206893943137,0.21564939063682148
Bacteria_Bacteroidota_Bacteroidia_Bacteroidales_Prevotellaceae_Alloprevotella_NA.39,14867.5,0.0001382902801877954,0.0005839431504048227,0.0,0.002737079676943039,0.2133453239684316
Bacteria_Bacteroidota_Bacteroidia_Bacteroidales_Bacteroidaceae_Bacteroides_NA.37,14275.0,0.009582184821718374,0.0003921120897115894,3.620859553065156e-05,0.0016742253646962304,0.2125780087231641
Bacteria_Firmicutes_Clostridia_Clostridia-vadinBB60-group_NA_NA_NA.82,14538.0,0.0028837589744697273,0.0008296057584666586,4.647801481069079e-05,0.003685311086010307,0.21249976606554985
Bacteria_Firmicutes_Clostridia_Oscillospirales_UCG-010_NA_NA.18,14349.5,0.061250218231816964,0.0006677802249077933,0.00035239812442438954,0.0014918295285465556,0.211406259527971
Bacteria_Firmicutes_Clostridia_Oscillospirales_Ruminococcaceae_Ruminococcus_NA.26,15435.0,0.0032940036320904223,0.001773277117389777,0.0010351676720843342,0.00350266909018598,0.21072771258167913
Bacteria_Firmicutes_Bacilli_Acholeplasmatales_Acholeplasmataceae_Anaeroplasma_NA.1,14467.0,0.008001607209636335,0.0008660616258591498,0.0001230756271279002,0.003547527317018503,0.20943771036432426
Bacteria_Firmicutes_Clostridia_Oscillospirales_Oscillospiraceae_UCG-005_NA.37,14302.0,0.011410178005914767,0.00035931904538201155,5.066117501509286e-05,0.0015343491789953723,0.20116533745533396
Bacteria_Firmicutes_Clostridia_Christensenellales_Christensenellaceae_Christensenellaceae-R-7-group_NA.63,13579.0,0.38058340595312656,0.0003265092935268796,0.0001807152158070214,0.0007304932223932015,0.1995830669615465
Bacteria_Firmicutes_Clostridia_Peptostreptococcales-Tissierellales_Anaerovoracaceae_Family-XIII-UCG-001_NA.1,13558.0,0.5132338902760081,0.000340910334083123,0.00024022028226051932,0.0005051414475173138,0.19933040996235524
Bacteria_Bacteroidota_Bacteroidia_Bacteroidales_Marinifilaceae_Butyricimonas_virosa.2,13879.0,0.11656473303547722,0.00027872759599096273,0.00011352819780005105,0.0008407348031665893,0.19649406396487415
Bacteria_Firmicutes_Clostridia_Lachnospirales_Lachnospiraceae_Ruminococcus-torques-group_NA.27,15091.0,0.024036525248886456,0.00804960848065235,0.006041474576861894,0.010298668988790914,0.19498965409764224
Bacteria_Bacteroidota_Bacteroidia_Bacteroidales_Bacteroidaceae_Bacteroides_NA.290,12475.5,0.48168157302397074,0.003377502744484369,0.0017463913314442405,0.008427729020469054,0.1935410368651539
Bacteria_Firmicutes_Clostridia_Clostridia-UCG-014_NA_NA_NA.79,14000.0,0.05044235942584336,0.0002771429777806997,0.00010110887819641227,0.0009468765414674902,0.18591029756790242
Bacteria_Bacteroidota_Bacteroidia_Bacteroidales_Rikenellaceae_Rikenellaceae-RC9-gut-group_NA.31,14725.0,0.0005208645436796732,0.0010412390826371899,1.6944108798122593e-05,0.005517901783497308,0.1856312442715966
Bacteria_Firmicutes_Clostridia_Oscillospirales_Oscillospiraceae_UCG-002_NA.13,13775.5,0.21670659885983823,0.00047329558682518235,0.00016301355598123787,0.0016785243606088052,0.18485405283686462
Bacteria_Fusobacteriota_Fusobacteriia_Fusobacteriales_Fusobacteriaceae_Fusobacterium_nucleatum,15530.0,6.48706256411136e-05,0.003596629374231244,0.00010583728621233524,0.018890520711304964,0.184790675776865
Bacteria_Bacteroidota_Bacteroidia_Bacteroidales_Bacteroidaceae_Bacteroides_salyersiae.1,13590.0,0.35751347364372466,0.00041957541175140895,0.00017492671731973033,0.0013362194297493997,0.18309020882712435
Bacteria_Bacteroidota_Bacteroidia_Bacteroidales_Rikenellaceae_Rikenellaceae-RC9-gut-group_NA.34,14623.0,0.0014459394938739262,0.0013784749578534142,0.00012491879653346813,0.006896465832106552,0.18176790719153646
Bacteria_Bacteroidota_Bacteroidia_Bacteroidales_Prevotellaceae_Prevotella_7_NA.11,14518.0,0.04512966763677038,0.003948483574939659,0.0010309795464947928,0.01613769104424077,0.1807881945717425
Bacteria_Firmicutes_Clostridia_Oscillospirales_Oscillospiraceae_Flavonifractor_plautii.2,13489.0,0.3738049749481569,0.00018224843517178897,5.637788602753492e-05,0.0006987317025436527,0.18014146014276544
Bacteria_Bacteroidota_Bacteroidia_Bacteroidales_Prevotellaceae_Prevotella_9_copri.2,14595.0,0.05192076853317837,0.005492536773629771,0.00174955311998151,0.02093325425087685,0.17880562710365375
Bacteria_Bacteroidota_Bacteroidia_Bacteroidales_Rikenellaceae_Alistipes_senegalensis.1,13922.0,0.13909170847768434,0.0002164217551390637,0.00012920523257487645,0.0004886189658889812,0.17849598286777033
Bacteria_Bacteroidota_Bacteroidia_Bacteroidales_Prevotellaceae_Prevotella_9_NA.88,14416.5,0.00738323768028921,0.0010703478308347256,8.954414794986276e-05,0.005509876568952606,0.17800828577749928
Bacteria_Verrucomicrobiota_Verrucomicrobiae_Verrucomicrobiales_Akkermansiaceae_Akkermansia_NA.4,13862.0,0.18809900115112188,0.002182774399231288,0.0006742980896879843,0.008519881919663595,0.17705366386144297
Bacteria_Bacteroidota_Bacteroidia_Bacteroidales_Porphyromonadaceae_Porphyromonas_NA.22,15627.5,3.3666641744710267e-06,0.003294676096088084,0.0,0.01866005022022129,0.17656308837356452
Bacteria_Bacteroidota_Bacteroidia_Bacteroidales_Bacteroidaceae_Bacteroides_vulgatus.1,16283.0,0.0003398305868679597,0.016137196516965883,0.012180769605460747,0.022631940303702774,0.1748160722595151
Bacteria_Bacteroidota_Bacteroidia_Bacteroidales_Bacteroidaceae_Bacteroides_intestinalis.1,15614.5,0.0003418802799481822,0.0007426423576744766,0.0004358028575069908,0.0018190547415095429,0.16868074014796
Bacteria_Firmicutes_Clostridia_Lachnospirales_Lachnospiraceae_CAG-56_NA.6,14094.0,0.24976334975499404,0.0017795273470131042,0.0015206416087247636,0.0015433717983842805,0.16774035819454644
Bacteria_Firmicutes_Clostridia_Oscillospirales_Ruminococcaceae_Faecalibacterium_prausnitzii.3,14061.0,0.26679739702656824,0.021235606037434678,0.01863088815373757,0.015530672717673524,0.16771442751047114
Bacteria_Bacteroidota_Bacteroidia_Bacteroidales_Bacteroidaceae_Bacteroides_NA.359,14279.0,0.009346779374976157,0.0012746650478208835,5.518461385312773e-05,0.007373975402080295,0.16537625466227135
Bacteria_Bacteroidota_Bacteroidia_Bacteroidales_Prevotellaceae_Prevotella_intermedia.3,14820.0,0.000173032396692891,0.0016285512235212844,0.0,0.009910081493320755,0.16433277815312652
Bacteria_Fusobacteriota_Fusobacteriia_Fusobacteriales_Fusobacteriaceae_Fusobacterium_necrophorum.1,14738.0,0.0008109516064275087,0.0010192727975768296,2.9166923192635624e-05,0.006136069187571053,0.161358329594736
Bacteria_Bacteroidota_Bacteroidia_Bacteroidales_Muribaculaceae_NA_NA.137,14377.0,0.006083176875631666,0.0007623228691981494,9.230947120413311e-05,0.004154261412057505,0.1612833983074202
Bacteria_Firmicutes_Clostridia_Oscillospirales_Oscillospiraceae_UCG-002_NA.61,15061.5,0.000182354862673482,0.0012321913609035248,5.23790318241545e-05,0.007379395974240548,0.15987925477881554
Bacteria_Firmicutes_Clostridia_Lachnospirales_Lachnospiraceae_Lachnospiraceae-NK4A136-group_bacterium.1,13806.0,0.4083814888765842,0.003810896576317853,0.0033102709771592577,0.0031375300265811265,0.1595604169258301
Bacteria_Bacteroidota_Bacteroidia_Bacteroidales_Bacteroidaceae_Bacteroides_caccae.3,14146.0,0.0811965421347458,0.0005698784265028953,0.0003170391379818392,0.0015900069924229291,0.15901772113326837
Bacteria_Firmicutes_Clostridia_Peptostreptococcales-Tissierellales_Peptostreptococcaceae_Intestinibacter_bartlettii.1,13965.0,0.314661597025946,0.00195960280345103,0.0016532102067216524,0.0019333679349307392,0.1584760930362455
Bacteria_Bacteroidota_Bacteroidia_Bacteroidales_Bacteroidaceae_Bacteroides_NA.374,14064.5,0.08249288569353781,0.000701249919912598,0.0002672396665045421,0.002765208283898732,0.15695391046497756
Bacteria_Bacteroidota_Bacteroidia_Bacteroidales_Prevotellaceae_Paraprevotella_NA.11,15052.0,0.0004266003389513056,0.00106936022662881,6.659642485848449e-05,0.006429408040295966,0.15596518302860196
Bacteria_Bacteroidota_Bacteroidia_Bacteroidales_Porphyromonadaceae_Porphyromonas_NA.1,17306.0,5.753924302276659e-10,0.003450548866612167,1.303719609651011e-05,0.022060667680914126,0.15582083553570927
Bacteria_Firmicutes_Clostridia_Lachnospirales_Lachnospiraceae_Coprococcus_comes.1,14349.0,0.15245204970011586,0.004723207532484858,0.004355035350281326,0.002408207737556012,0.15288223539102774
Bacteria_Bacteroidota_Bacteroidia_Bacteroidales_Barnesiellaceae_Barnesiella_NA.31,14019.0,0.14521980282821767,0.0010264472219501234,0.0005210091459494783,0.0033480394111860723,0.1509653901659387
Bacteria_Bacteroidota_Bacteroidia_Bacteroidales_Muribaculaceae_CAG-873_NA.3,14639.5,0.020798324567195877,0.0029052770591134645,0.0011730533289140196,0.011547966543832175,0.1500024894967014
Bacteria_Firmicutes_Clostridia_Clostridia-UCG-014_NA_NA_NA.30,14141.5,0.1553242642716999,0.001960947232806213,0.001143518359621514,0.005468321747189779,0.14948441422723216
Bacteria_Firmicutes_Clostridia_Lachnospirales_Lachnospiraceae_Dorea_NA.31,14156.0,0.11588646950653156,0.00031098162543472945,0.00021906041900385853,0.0006159659211047108,0.14923099360109698
Bacteria_Firmicutes_Clostridia_Clostridiales_Clostridiaceae_Clostridium-sensu-stricto-12_paraputrificum.1,13068.0,0.9923275332385666,0.0009009937428237256,0.00015506576189389305,0.0052361085329632705,0.14245846437940232
Bacteria_Firmicutes_Clostridia_Oscillospirales_Ruminococcaceae_Eubacterium-siraeum-group_NA.15,14787.0,0.055037646047779484,0.00433190112104801,0.0035946871053229397,0.00522548228008006,0.141080569450094
Bacteria_Firmicutes_Clostridia_Christensenellales_Christensenellaceae_NA_NA.2,13168.0,0.8441269518855368,0.00027309549044912093,0.00014454100277349786,0.0009178462725532632,0.140061022765839
Bacteria_Bacteroidota_Bacteroidia_Bacteroidales_Marinifilaceae_Odoribacter_splanchnicus.1,13521.0,0.5753124317108722,0.0005651358543292735,0.00046373921099283243,0.0007399559895875668,0.13703064069115387
Bacteria_Firmicutes_Clostridia_Lachnospirales_Lachnospiraceae_Roseburia_NA.20,13074.0,0.9901901353527679,0.0014151167445251714,0.0012341331111041518,0.0013334600320808175,0.1357248279414877
Bacteria_Actinobacteriota_Actinobacteria_Bifidobacteriales_Bifidobacteriaceae_Bifidobacterium_NA.21,14340.0,0.12504844094823153,0.00523244849378712,0.0023980861356177724,0.02119933061039901,0.1337005592421392
Bacteria_Bacteroidota_Bacteroidia_Bacteroidales_Bacteroidaceae_Bacteroides_NA.304,12464.0,0.4623978975851012,0.0034017437700723597,0.0016534288928249225,0.013504147510965283,0.1294650310823261
Bacteria_Firmicutes_Clostridia_Oscillospirales_UCG-010_NA_NA.66,14765.0,0.005313740538580097,0.00030089342947533815,0.0001968464090611036,0.0008055357625230542,0.12916499211449567
Bacteria_Firmicutes_Clostridia_Oscillospirales_Ruminococcaceae_Incertae-Sedis_NA.20,14392.0,0.12716343003423522,0.001226042718853537,0.0008178853908861963,0.0032268224249785826,0.12648893375967216
Bacteria_Firmicutes_Clostridia_Lachnospirales_Lachnospiraceae_Anaerostipes_NA.18,14350.0,0.1266584280840391,0.0006905440619269068,0.0005764453103239531,0.0009421481751001014,0.12110489052407379
Bacteria_Bacteroidota_Bacteroidia_Bacteroidales_Prevotellaceae_Prevotellaceae-NK3B31-group_NA.14,13126.0,0.8953589408429259,0.0009260844450511424,0.0002004250176866137,0.00614166464322575,0.11815354134728445
Bacteria_Firmicutes_Clostridia_Lachnospirales_Lachnospiraceae_Lachnoclostridium_NA.83,13572.0,0.3870788649772179,0.00030480205067192863,0.00019921958116088823,0.0008961420270394878,0.117818901831716
Bacteria_Firmicutes_Clostridia_Oscillospirales_Oscillospiraceae_UCG-005_NA.40,12904.0,0.7728965387589865,0.0003055635031377152,0.00019093312699950955,0.0009884273321065472,0.11597248721755209
Bacteria_Actinobacteriota_Actinobacteria_Bifidobacteriales_Bifidobacteriaceae_Bifidobacterium_bifidum.1,13238.0,0.790674683515393,0.0007088255769143341,0.0004992833825101979,0.001814725589489469,0.1154677024547199
Bacteria_Firmicutes_Clostridia_Oscillospirales_Ruminococcaceae_CAG-352_NA.5,14165.0,0.021410442621001804,0.0003517017884339279,0.0001863467451510448,0.0014648418313370321,0.11288252406879692
Bacteria_Bacteroidota_Bacteroidia_Bacteroidales_Tannerellaceae_Parabacteroides_distasonis.10,13301.0,0.7339453946117129,0.0007446775255602109,0.00044358850145188953,0.00269010479248717,0.1119246450730069
Bacteria_Firmicutes_Clostridia_Clostridia-vadinBB60-group_NA_NA_NA.61,14435.5,0.023760969425054814,0.0004724592077817943,0.00029195422701496675,0.0016177851580208723,0.11157537196573708
Bacteria_Bacteroidota_Bacteroidia_Bacteroidales_Prevotellaceae_Prevotella_9_NA.109,13041.0,0.9780864580108909,0.0033134164277377966,0.002054225498500956,0.011730980922009537,0.10733892908088875
Bacteria_Firmicutes_Clostridia_Lachnospirales_Lachnospiraceae_Bacteroides-pectinophilus-group_NA.1,13272.0,0.6625948105989257,0.0002806191548846425,0.00016371382796081933,0.0010892656625888489,0.10732489872670294
Bacteria_Bacteroidota_Bacteroidia_Bacteroidales_Tannerellaceae_Parabacteroides_distasonis.3,13391.0,0.7041251340330068,0.001401674455592926,0.0009822281976670914,0.003920268609576692,0.1069942648575619
Bacteria_Bacteroidota_Bacteroidia_Bacteroidales_Bacteroidaceae_Bacteroides_NA.372,12335.5,0.41869618160152844,0.008670026142724436,0.006766971243438079,0.01812965565515078,0.1049691696017229
Bacteria_Bacteroidota_Bacteroidia_Bacteroidales_Bacteroidaceae_Bacteroides_plebeius.2,13336.5,0.6631021277328009,0.0009778427800750224,0.00038573602306356524,0.005676158484133167,0.10431469781307218
Bacteria_Firmicutes_Clostridia_Clostridiales_Clostridiaceae_Clostridium-sensu-stricto-12_NA.29,11213.0,0.03832616583783482,0.0033516495411797676,0.0022280691160266675,0.010844695756490373,0.10360644967662237
Bacteria_Firmicutes_Clostridia_Christensenellales_Christensenellaceae_Christensenellaceae-R-7-group_NA.119,14841.0,0.04778449499391473,0.0031977256123673693,0.002847822559958003,0.003444734769770589,0.10157619549695229
Bacteria_Firmicutes_Clostridia_Christensenellales_Christensenellaceae_Christensenellaceae-R-7-group_NA.43,13203.0,0.8303137390030959,0.0002968995315280992,0.00023290379286030138,0.0006537184995856493,0.0978949482206189
Bacteria_Bacteroidota_Bacteroidia_Bacteroidales_Bacteroidaceae_Bacteroides_caccae.2,13042.5,0.9825455825233487,0.002634263668501577,0.002312854553828749,0.00344071355837772,0.09341350543123121
Bacteria_Bacteroidota_Bacteroidia_Bacteroidales_Bacteroidaceae_Bacteroides_coprocola.4,13674.5,0.42489619649658583,0.0020709194864810604,0.0014311678677943883,0.007082941470533253,0.09032287240381602
Bacteria_Bacteroidota_Bacteroidia_Bacteroidales_Barnesiellaceae_Barnesiella_NA.1,13269.0,0.71519973528688,0.0005946784190260165,0.0003470643257291196,0.00280565582122799,0.08825533460783522
Bacteria_Firmicutes_Clostridia_Lachnospirales_Lachnospiraceae_Agathobacter_NA.120,13237.0,0.7378949001447874,0.000262391503105526,0.0001633234902258451,0.0011431653761013226,0.08666113840636488
Bacteria_Bacteroidota_Bacteroidia_Bacteroidales_Bacteroidaceae_Bacteroides_NA.307,11672.0,0.09144122524318579,0.0018065419560112227,0.0011793003668100963,0.007367554001697612,0.08513566226411087
Bacteria_Firmicutes_Clostridia_Lachnospirales_Lachnospiraceae_Blautia_NA.26,11511.5,0.0088502836653688,0.001052101652330182,0.00039642638402292686,0.007738751125098933,0.08472623782676213
Bacteria_Firmicutes_Clostridia_Oscillospirales_Oscillospiraceae_UCG-005_NA.39,12313.0,0.368283299102259,0.0008536548918302431,0.0006814638299058785,0.002043092994164765,0.08427960078966347
Bacteria_Proteobacteria_Alphaproteobacteria_Rhodospirillales_NA_NA_NA.6,13627.5,0.3580042800877292,0.0009841395309923172,0.0005659097031274537,0.005050945804741256,0.0828022798170348
Bacteria_Firmicutes_Clostridia_Clostridiales_Clostridiaceae_Clostridium-sensu-stricto-12_NA.25,12690.0,0.6205089333492649,0.0005275153909538267,0.0004243727601947025,0.001257921275392025,0.08199450377129548
Bacteria_Firmicutes_Clostridia_Christensenellales_Christensenellaceae_Christensenellaceae-R-7-group_NA.34,13391.0,0.610541753574223,0.0003177954835646967,0.0002573964943471218,0.0007419831424063366,0.0814021043951134
Bacteria_Bacteroidota_Bacteroidia_Bacteroidales_Prevotellaceae_Prevotella_9_NA.113,13201.0,0.8040301720391567,0.0007377786783859648,0.00045859173844452233,0.0035127155996488675,0.07947894784574935
Bacteria_Firmicutes_Clostridia_Oscillospirales_Oscillospiraceae_UCG-002_NA.30,15224.0,0.013065356929568875,0.0027088942432756777,0.0018415587128898065,0.011048406698593152,0.07850322259555428
Bacteria_Firmicutes_Clostridia_Lachnospirales_Lachnospiraceae_Hungatella_hathewayi.2,13001.0,0.9074525718305443,0.00021564091653644848,0.00015203359158998543,0.0008254343276143568,0.07705921939338149
Bacteria_Firmicutes_Clostridia_Oscillospirales_Ruminococcaceae_Ruminococcus_bromii.1,12342.5,0.40890670311316535,0.0018737392476483477,0.0015944041856352836,0.0037246844165435113,0.07499563205203989
Bacteria_Firmicutes_Clostridia_Lachnospirales_Lachnospiraceae_Lachnospiraceae-NK4A136-group_NA.10,13409.0,0.5753337918718012,0.00036800463251918954,0.00029671522592910303,0.0009933386083805426,0.07176747786569061
Bacteria_Bacteroidota_Bacteroidia_Bacteroidales_Prevotellaceae_Prevotella_9_copri.3,13171.0,0.8307268753187274,0.0009756867433496148,0.00056377862987995,0.0058066015199998745,0.0709378992257202
Bacteria_Firmicutes_Clostridia_Lachnospirales_Lachnospiraceae_Lachnoclostridium_NA.66,12169.0,0.0800727117207564,0.0002532720000538591,0.00017518991517016203,0.0011063504260380745,0.07057626864511185
Bacteria_Firmicutes_Clostridia_Oscillospirales_Oscillospiraceae_UCG-002_NA.62,12730.0,0.5675267431544262,0.00023045442175746112,0.00018340422221666154,0.0006911192734255206,0.06807826282661181
Bacteria_Firmicutes_Clostridia_Oscillospirales_Ruminococcaceae_Faecalibacterium_prausnitzii.5,13353.0,0.7469367739831514,0.03658300332170486,0.0349053255850975,0.025107838726668684,0.06681888293417264
Bacteria_Firmicutes_Clostridia_Lachnospirales_Lachnospiraceae_Coprococcus_eutactus.1,13968.0,0.30981098030985577,0.0024418288951919857,0.0022107993456584644,0.0036637686457942987,0.06305789799220102
Bacteria_Firmicutes_Clostridia_Lachnospirales_Lachnospiraceae_Ruminococcus-gnavus-group_NA.10,11546.0,0.09017117200727846,0.007307012190931242,0.005579639013093252,0.02747484138692483,0.0628710882625892
Bacteria_Firmicutes_Clostridia_Oscillospirales_Oscillospiraceae_Flavonifractor_plautii.1,11282.0,0.031135321163725284,0.0007815604650953212,0.0006778137222938252,0.0016683122812377843,0.06218664453187528
Bacteria_Bacteroidota_Bacteroidia_Bacteroidales_Muribaculaceae_NA_NA.3,13435.0,0.49684594509922375,0.0009401903992635836,0.0005713151737805243,0.006149641806165517,0.05998320505646878
Bacteria_Bacteroidota_Bacteroidia_Bacteroidales_Barnesiellaceae_Barnesiella_NA.57,12823.0,0.6394729660144542,0.000424251855141621,0.00028785572147384237,0.0022953133786130482,0.05942375230270147
Bacteria_Actinobacteriota_Coriobacteriia_Coriobacteriales_Eggerthellaceae_NA_NA.2,15236.0,0.014822675689184705,0.0017718450713195282,0.0016027295625002287,0.002862613303569828,0.0590773153357471
Bacteria_Firmicutes_Clostridia_Oscillospirales_Eubacterium-coprostanoligenes-group_NA_NA.10,12596.5,0.6042226126665333,0.004791328018838321,0.004447075957218049,0.005928635503213224,0.058065985239553516
Bacteria_Bacteroidota_Bacteroidia_Bacteroidales_Bacteroidaceae_Bacteroides_massiliensis.2,12588.0,0.5614401954684183,0.0016417603583881414,0.0013787677446118792,0.004538382719602284,0.057948531453801494
Bacteria_Verrucomicrobiota_Verrucomicrobiae_Verrucomicrobiales_Akkermansiaceae_Akkermansia_muciniphila.2,12845.0,0.8053032649565792,0.008669251928739564,0.007495377493127998,0.02467503189557285,0.047573370546369204
Bacteria_Bacteroidota_Bacteroidia_Bacteroidales_NA_NA_NA.4,12965.0,0.8533386512102731,0.0002543529376000025,0.00021623854385591432,0.0008657817764505328,0.044023095404417824
Bacteria_Bacteroidota_Bacteroidia_Bacteroidales_Rikenellaceae_Alistipes_finegoldii.2,13388.5,0.7081374093276944,0.0016578774819103932,0.0015252543531629067,0.003304186774937489,0.04013790314562215
Bacteria_Firmicutes_Clostridia_Lachnospirales_Lachnospiraceae_Lachnoclostridium_NA.92,12929.0,0.8523954490220209,0.000416594989073034,0.00038443749161296676,0.0008940181865535506,0.03596962337425675
Bacteria_Firmicutes_Clostridia_Lachnospirales_Lachnospiraceae_Anaerostipes_hadrus.3,13233.0,0.7819254191132579,0.0002385486935388452,0.00022073618854595998,0.0006020424909099796,0.029586790404049112
Bacteria_Bacteroidota_Bacteroidia_Bacteroidales_Barnesiellaceae_Barnesiella_NA.40,10775.0,0.009346853269874559,0.003612597296331812,0.003409188194900869,0.007207918694535762,0.028220226954716484
Bacteria_Bacteroidota_Bacteroidia_Bacteroidales_Bacteroidaceae_Bacteroides_NA.353,12078.0,0.06769817881838858,0.0003800382579554659,0.00034076816250990167,0.0015318506185150935,0.02563572124521571
Bacteria_Firmicutes_Clostridia_Oscillospirales_Ruminococcaceae_UBA1819_NA.4,13058.0,0.996346272746606,0.0011697388868278703,0.0011097383593138275,0.0023632515172230125,0.02538897238688655
Bacteria_Bacteroidota_Bacteroidia_Bacteroidales_Bacteroidaceae_Bacteroides_NA.311,14346.5,0.15173440037132654,0.0029767367065848117,0.002840870173954703,0.005843202163079135,0.023252067759797015
Bacteria_Bacteroidota_Bacteroidia_Bacteroidales_Bacteroidaceae_Bacteroides_NA.305,12348.0,0.14917364854283113,0.0004020626493382084,0.0003511829553664807,0.002443884232604007,0.02081919155291343
Bacteria_Firmicutes_Clostridia_Lachnospirales_Lachnospiraceae_Blautia_faecis.1,13652.0,0.512225427712887,0.004491808816764345,0.004417555528766371,0.003712031262557538,0.020003411271599787
Bacteria_Bacteroidota_Bacteroidia_Bacteroidales_Bacteroidaceae_Bacteroides_fragilis.4,12362.0,0.4351149793831153,0.0068304862692310465,0.006452233147119164,0.019150477873538164,0.019751628372394133
Bacteria_Firmicutes_Clostridia_Oscillospirales_Oscillospiraceae_UCG-003_NA.5,13752.0,0.44221675426082296,0.0016864793429433957,0.0016616042784563028,0.001609301292553319,0.015457058664028104
Bacteria_Actinobacteriota_Coriobacteriia_Coriobacteriales_Eggerthellaceae_Senegalimassilia_NA.7,12726.0,0.628858082768104,0.0004118499554720305,0.00039627694021936654,0.0010214494960656202,0.01524599631469542
Bacteria_Firmicutes_Clostridia_Oscillospirales_Oscillospiraceae_UCG-002_NA.25,14245.0,0.1798178178579174,0.002252985794138995,0.0021832575418227634,0.005274698691591055,0.013219381123587698
Bacteria_Firmicutes_Clostridia_Lachnospirales_Lachnospiraceae_Eubacterium-hallii-group_NA.9,13160.5,0.9136080687964283,0.002974106405055674,0.002949653470602325,0.0018569579713840865,0.013168275658454024
Bacteria_Bacteroidota_Bacteroidia_Bacteroidales_Barnesiellaceae_Barnesiella_NA.23,13907.5,0.08798970430694719,0.0004926506151721454,0.00046498991196658327,0.0033105958518358587,0.008355203849549669
Bacteria_Firmicutes_Clostridia_Lachnospirales_Lachnospiraceae_Roseburia_NA.4,13977.0,0.306601822508877,0.0038315042233142194,0.003807224090598638,0.007632224107909088,0.0031812656929741433
Bacteria_Bacteroidota_Bacteroidia_Bacteroidales_Barnesiellaceae_Barnesiella_NA.33,12706.5,0.49011340807828796,0.0003503861008133302,0.00034527095589325345,0.0018381100757567776,0.0027828283994203945
Bacteria_Bacteroidota_Bacteroidia_Bacteroidales_Prevotellaceae_Prevotella_9_NA.66,13370.0,0.6266674501180807,0.001193233963106526,0.0011807246364472221,0.006469737592012971,0.0019335137602407518
Bacteria_Firmicutes_Clostridia_Clostridia-UCG-014_NA_NA_NA.103,12857.0,0.6878338686046785,0.00017674834537039882,0.00017772761270388543,0.00060320484277135,-0.0016234407684585035
Bacteria_Firmicutes_Clostridia_Christensenellales_Christensenellaceae_Christensenellaceae-R-7-group_NA.76,13130.0,0.8944969100137988,0.0001586888967415716,0.00016036609811902636,0.0006379573313623539,-0.0026290181098367537
Bacteria_Firmicutes_Clostridia_Peptostreptococcales-Tissierellales_Anaerovoracaceae_Family-XIII-AD3011-group_NA.13,11786.0,0.07519599796203533,0.0004775998448398925,0.0004907505272523888,0.0017847451848898336,-0.007368380945265314
Bacteria_Bacteroidota_Bacteroidia_Bacteroidales_Rikenellaceae_Alistipes_inops.1,12974.0,0.9099957279387966,0.0006333295829676535,0.000645031867891145,0.0014800142098470978,-0.0079068733567771
Bacteria_Firmicutes_Clostridia_Lachnospirales_Lachnospiraceae_Blautia_massiliensis.1,14082.0,0.25686337433115247,0.003545742902159586,0.003574326789397377,0.002920827414900435,-0.009786229440319536
Bacteria_Bacteroidota_Bacteroidia_Bacteroidales_Bacteroidaceae_Bacteroides_NA.277,11603.0,0.09423031591343063,0.0028872087440018675,0.003024183543705579,0.01177539637698374,-0.011632287807435783
Bacteria_Bacteroidota_Bacteroidia_Bacteroidales_Muribaculaceae_NA_NA.15,12775.0,0.5877416856835365,0.0011343459189347765,0.0012512537669047742,0.009111396679510785,-0.012830947008694474
Bacteria_Firmicutes_Clostridia_Christensenellales_Christensenellaceae_Christensenellaceae-R-7-group_NA.18,13331.0,0.6324788836481714,0.00021626428120649074,0.0002267757201636016,0.0007392326762618019,-0.014219391667405403
Bacteria_Firmicutes_Clostridia_Oscillospirales_Ruminococcaceae_Eubacterium-siraeum-group_NA.13,12820.0,0.6768836177762183,0.0002738139352461021,0.0002882152421726584,0.0009457135560703003,-0.015227979798024363
Bacteria_Firmicutes_Clostridia_Oscillospirales_Butyricicoccaceae_Butyricicoccus_NA.11,12725.0,0.5280089882938255,0.00014851491421071834,0.00015792292762348915,0.00044053239542154733,-0.02135600811778722
Bacteria_Bacteroidota_Bacteroidia_Bacteroidales_Bacteroidaceae_Bacteroides_uniformis.3,11456.0,0.034790367881602474,0.0012514757180229691,0.0013731912215072444,0.004523769761522341,-0.026905768838977218
Bacteria_Firmicutes_Clostridia_Lachnospirales_Lachnospiraceae_Dorea_formicigenerans.1,12163.0,0.31710907434435076,0.0019383785626405127,0.0019713794398882665,0.0011136148344746892,-0.02963401368779443
Bacteria_Firmicutes_Clostridia_Oscillospirales_Oscillospiraceae_UCG-002_NA.38,11688.0,0.12366014724970187,0.004013857381269571,0.004278590923388595,0.008331967600730183,-0.0317732323029946
Bacteria_Firmicutes_Clostridia_Oscillospirales_Oscillospiraceae_NK4A214-group_NA.21,13966.0,0.22940763413664,0.0008111005552318318,0.0009173172421185702,0.003044239469617378,-0.03489104189956792
Bacteria_Firmicutes_Clostridia_Lachnospirales_Lachnospiraceae_Roseburia_NA.19,13113.0,0.9554616943208213,0.0014622917259695517,0.0015184455911764132,0.0015143040848802037,-0.037082291309610875
Bacteria_Firmicutes_Clostridia_Oscillospirales_Oscillospiraceae_Colidextribacter_NA.10,12593.0,0.5060158073422998,0.0002738593409760207,0.00029775695012251033,0.000624208143470483,-0.03828468019276921
Bacteria_Bacteroidota_Bacteroidia_Bacteroidales_Barnesiellaceae_Barnesiella_NA.7,12325.5,0.1820082155649162,0.000445773186840304,0.0005345281566714903,0.002314354095731472,-0.038349779748433226
Bacteria_Firmicutes_Clostridia_Oscillospirales_Ruminococcaceae_Faecalibacterium_prausnitzii.2,11850.0,0.02442722481119913,0.0004664282610987457,0.0005867595981363287,0.0028305598544648325,-0.0425114970975711
Bacteria_Firmicutes_Clostridia_Oscillospirales_Oscillospiraceae_NK4A214-group_NA.18,11327.5,0.008517510340100443,0.0006256284041227015,0.0007490001844991205,0.0028521041653281117,-0.043256407629216474
Bacteria_Bacteroidota_Bacteroidia_Bacteroidales_Prevotellaceae_Prevotella_9_NA.75,13058.0,0.9953202669138688,0.0014124241812016026,0.0017537258335189908,0.007428366181569251,-0.04594572264951106
Bacteria_Firmicutes_Clostridia_Clostridia-UCG-014_NA_NA_NA.15,14173.0,0.1581930880388006,0.0012677406769168512,0.0015207632436782775,0.005321537482534328,-0.04754689177551877
Bacteria_Bacteroidota_Bacteroidia_Bacteroidales_Bacteroidaceae_Bacteroides_ovatus.2,11434.0,0.019187301470162836,0.0012159008450550045,0.0015778617197423025,0.0073058244593152835,-0.04954415161532935
Bacteria_Bacteroidota_Bacteroidia_Bacteroidales_Tannerellaceae_Parabacteroides_distasonis.1,12970.0,0.9037567887378171,0.001117264176670457,0.0013085211526073317,0.003738987059847886,-0.051152082870448756
Bacteria_Bacteroidota_Bacteroidia_Bacteroidales_Bacteroidaceae_Bacteroides_thetaiotaomicron.1,11036.0,0.024159254872251783,0.005784117687564589,0.006772062902239479,0.01894104018993619,-0.05215897357104011
Bacteria_Firmicutes_Clostridia_Oscillospirales_Eubacterium-coprostanoligenes-group_NA_NA.17,12923.0,0.8770789100690326,0.005807210749570891,0.0061432673273318136,0.0062153102466404155,-0.054069155750120876
Bacteria_Bacteroidota_Bacteroidia_Bacteroidales_Bacteroidaceae_Bacteroides_NA.396,12862.0,0.7339669068886097,0.0007996864043741756,0.001097313312631542,0.005254363001236472,-0.05664376598787101
Bacteria_Bacteroidota_Bacteroidia_Bacteroidales_Prevotellaceae_Prevotella_9_NA.78,13465.5,0.5921489997619857,0.00259415188565977,0.0035839774887081355,0.01729918554477886,-0.057218046507808505
Bacteria_Bacteroidota_Bacteroidia_Bacteroidales_Rikenellaceae_Rikenellaceae-RC9-gut-group_NA.48,13143.0,0.9230409629184648,0.005236651253407029,0.006675533788233388,0.023006274415860364,-0.06254304842310339
Bacteria_Actinobacteriota_Actinobacteria_Bifidobacteriales_Bifidobacteriaceae_Bifidobacterium_longum.1,12215.0,0.08037749053388503,0.0005176923947142742,0.0007713805754167446,0.0038774484126120556,-0.06542657792101289
Bacteria_Bacteroidota_Bacteroidia_Bacteroidales_Barnesiellaceae_Barnesiella_NA.11,12703.0,0.5925785402080754,0.0008737576486823387,0.001249890552431524,0.005310170143072022,-0.07083255218100905
Bacteria_Bacteroidota_Bacteroidia_Bacteroidales_Barnesiellaceae_Barnesiella_NA.22,12517.0,0.3446990162414726,0.00041166790004137325,0.000601819645260113,0.0026831414113622663,-0.07086907324880697
Bacteria_Firmicutes_Clostridia_Lachnospirales_Lachnospiraceae_Ruminococcus-torques-group_NA.24,12440.5,0.43306185332894964,0.0007041289961276706,0.0008866095236798078,0.002472189423395652,-0.07381332750040356
Bacteria_Bacteroidota_Bacteroidia_Bacteroidales_Rikenellaceae_Rikenellaceae-RC9-gut-group_NA.44,12537.5,0.4131088337050025,0.0018242965822604469,0.00283171682312078,0.013635560019596265,-0.07388183832659055
Bacteria_Bacteroidota_Bacteroidia_Bacteroidales_Marinifilaceae_Butyricimonas_NA.31,12514.0,0.2525944004123636,0.0001647293819602435,0.0002221689597950175,0.000717854002939994,-0.08001568229685752
Bacteria_Firmicutes_Clostridia_Oscillospirales_Ruminococcaceae_Faecalibacterium_NA.8,13069.0,0.9946639790729346,0.002739295855374278,0.0030066659484639714,0.0032416063925461316,-0.08248073970500981
Bacteria_Bacteroidota_Bacteroidia_Bacteroidales_Barnesiellaceae_Barnesiella_NA.44,11491.5,0.047587248917216086,0.0023572513453348253,0.0031612752882358023,0.008850357845250687,-0.09084648970803315
Bacteria_Bacteroidota_Bacteroidia_Bacteroidales_Bacteroidaceae_Bacteroides_uniformis.5,11355.0,0.05751615213083339,0.02716599513503579,0.029692147649965556,0.0276772131667668,-0.09127192465905577
Bacteria_Proteobacteria_Alphaproteobacteria_Rhodospirillales_NA_NA_NA.4,11649.0,0.03132330395393074,0.0010241359027870173,0.0016551516966581761,0.00679182628347807,-0.09290811742434878
Bacteria_Bacteroidota_Bacteroidia_Bacteroidales_Bacteroidaceae_Bacteroides_plebeius.1,11412.0,0.019717934645601738,0.0030274595147488214,0.005493165139816139,0.026138578386284948,-0.09433204777353488
Bacteria_Firmicutes_Clostridia_Oscillospirales_Oscillospiraceae_UCG-005_NA.41,11799.0,0.08013259833225606,0.0003712134300149602,0.00045200342785215494,0.0008505040872655586,-0.09499072261597394
Bacteria_Firmicutes_Clostridia_Oscillospirales_Oscillospiraceae_Oscillibacter_NA.3,12194.0,0.3329956796927722,0.0015087908770960042,0.0016357812454711558,0.0013225786337512167,-0.09601725382102237
Bacteria_Bacteroidota_Bacteroidia_Bacteroidales_Rikenellaceae_Rikenellaceae-RC9-gut-group_NA.51,14350.0,0.007211951172094688,0.0006675592605374226,0.0020485164932098556,0.014312453584948483,-0.09648640776202759
Bacteria_Firmicutes_Clostridia_Lachnospirales_Lachnospiraceae_Ruminococcus-gauvreauii-group_NA.5,12509.0,0.537745766282667,0.0019197754433990606,0.0022204606802417332,0.0030877458106201875,-0.09738017806014888
Bacteria_Bacteroidota_Bacteroidia_Bacteroidales_Rikenellaceae_Alistipes_NA.34,12401.5,0.4409743921503869,0.0011720764552012616,0.001390483070273409,0.00223304214760072,-0.09780675895742186
Bacteria_Bacteroidota_Bacteroidia_Bacteroidales_Bacteroidaceae_Bacteroides_NA.356,12513.0,0.3272442581411982,0.00032145414411826375,0.000547440718415927,0.0022936969309060025,-0.09852503670064174
Bacteria_Firmicutes_Clostridia_Lachnospirales_Lachnospiraceae_Agathobacter_NA.142,10864.0,0.014456915487767537,0.01025156098021485,0.011331494821680494,0.010713862963911134,-0.10079780235227219
Bacteria_Firmicutes_Clostridia_Oscillospirales_UCG-010_NA_NA.81,12843.5,0.6824285208607743,0.00013785699971716062,0.0002090159566259962,0.0007019932883794999,-0.1013670046235069
Bacteria_Proteobacteria_Alphaproteobacteria_Rhodospirillales_NA_NA_NA.5,11227.0,0.0031306141876325873,0.0005333247224532096,0.0007670735536949661,0.0022996995975976776,-0.1016432022190795
Bacteria_Firmicutes_Clostridia_Lachnospirales_Lachnospiraceae_Agathobacter_NA.91,12743.0,0.5318172243695625,0.0002830321862364534,0.0004498363699497993,0.0015886099080535635,-0.10500009024727909
Bacteria_Firmicutes_Clostridia_Oscillospirales_UCG-010_NA_NA.51,12357.0,0.21175816166877837,0.00018311947457835207,0.00026890408745047876,0.0007804707007741062,-0.1099139439661753
Bacteria_Bacteroidota_Bacteroidia_Bacteroidales_Bacteroidaceae_Bacteroides_caccae.1,11612.0,0.10556877733037795,0.0031484210017748366,0.00374312747275314,0.005278038606632695,-0.11267565762610382
Bacteria_Firmicutes_Clostridia_Oscillospirales_Oscillospiraceae_Intestinimonas_NA.16,12471.5,0.5048553355441765,0.0007875505444554767,0.0008794442237329478,0.0008146340944172385,-0.1128036254647661
Bacteria_Cyanobacteria_Vampirivibrionia_Gastranaerophilales_NA_NA_NA.2,12733.0,0.6334887984534978,0.0007540566023012907,0.001198486572268166,0.0037821431297251815,-0.11750744345816666
Bacteria_Bacteroidota_Bacteroidia_Bacteroidales_Bacteroidaceae_Bacteroides_NA.288,12941.0,0.8277661868297499,0.00029011282087500293,0.0005971682396405262,0.0025753594316277845,-0.1192281803443046
Bacteria_Bacteroidota_Bacteroidia_Bacteroidales_Bacteroidaceae_Bacteroides_NA.310,11333.0,0.0015883841721458063,0.000329091815385172,0.0005395408930842716,0.0017549850034077683,-0.11991502906888492
Bacteria_Firmicutes_Clostridia_Oscillospirales_Ruminococcaceae_Ruminococcus_NA.10,11201.0,0.012053305757815104,0.0010518676676828358,0.0015486596877825004,0.004109658230486426,-0.12088402301056149
Bacteria_Actinobacteriota_Coriobacteriia_Coriobacteriales_Eggerthellaceae_Slackia_isoflavoniconvertens.1,12866.0,0.7672589117561281,0.0003417920362819319,0.000500744216817599,0.0013146360866626398,-0.12090964347341643
Bacteria_Verrucomicrobiota_Verrucomicrobiae_Verrucomicrobiales_Akkermansiaceae_Akkermansia_NA.5,13556.5,0.4318364387143494,0.0017874780508969016,0.004059458143118536,0.018567151270952154,-0.12236557235229138
Bacteria_Bacteroidota_Bacteroidia_Bacteroidales_Prevotellaceae_Prevotella_9_NA.134,12244.0,0.09486967266876124,0.00032466218683977914,0.0010700922189547906,0.006082240775845712,-0.12255845494892666
Bacteria_Bacteroidota_Bacteroidia_Bacteroidales_Bacteroidaceae_Bacteroides_vulgatus.4,12291.0,0.36524949484983105,0.001920352908440809,0.0028632898264211687,0.007427420429853925,-0.12695348632619471
Bacteria_Bacteroidota_Bacteroidia_Bacteroidales_Prevotellaceae_Prevotellaceae-NK3B31-group_NA.2,11571.0,0.008746155901905577,0.0004872168715437454,0.0010289141324128098,0.004249544488764021,-0.12747184134707507
Bacteria_Bacteroidota_Bacteroidia_Bacteroidales_Prevotellaceae_Prevotella_9_NA.136,12135.0,0.15782071104760031,0.0018716226141601473,0.0044805550456232185,0.019632302620753564,-0.13288978281666944
Bacteria_Firmicutes_Clostridia_Lachnospirales_Lachnospiraceae_Butyrivibrio_crossotus.1,10614.0,0.0055997262743539816,0.00565130256550875,0.007470430327938964,0.01345150705018638,-0.1352359817857739
Bacteria_Bacteroidota_Bacteroidia_Bacteroidales_Bacteroidaceae_Bacteroides_eggerthii.2,11773.5,0.13605256506499153,0.0023808334172545115,0.0034526842859845764,0.007804047246777236,-0.13734551250605218
Bacteria_Bacteroidota_Bacteroidia_Bacteroidales_Bacteroidaceae_Bacteroides_eggerthii.1,12838.0,0.7481759922767626,0.0007860121713752907,0.0012860552568800426,0.0036324723548547813,-0.1376591579111254
Bacteria_Firmicutes_Clostridia_Lachnospirales_Lachnospiraceae_Blautia_NA.51,12258.0,0.37099800680219397,0.011235578668390585,0.012496576762710604,0.009119973493728508,-0.13826773676339774
Bacteria_Firmicutes_Clostridia_Oscillospirales_Eubacterium-coprostanoligenes-group_NA_NA.48,11214.0,0.026237461496244126,0.000802186638104541,0.001029531207588212,0.0016393911242981892,-0.1386762232112215
Bacteria_Bacteroidota_Bacteroidia_Bacteroidales_Bacteroidaceae_Bacteroides_stercoris.1,9390.0,3.638839996249085e-05,0.004671295806902254,0.006741567664725177,0.014228116329748465,-0.14550568816297574
Bacteria_Firmicutes_Clostridia_Oscillospirales_Ruminococcaceae_Subdoligranulum_NA.18,11258.0,0.04471784363468025,0.007681193927774828,0.008825902464338878,0.007833552379071025,-0.14612891842306167
Bacteria_Firmicutes_Clostridia_Oscillospirales_Ruminococcaceae_CAG-352_NA.8,12933.0,0.8843041147612855,0.002801455492988245,0.0036850592185673882,0.006033689323287852,-0.1464450153521749
Bacteria_Firmicutes_Clostridia_Clostridia-UCG-014_NA_NA_NA.9,12486.5,0.45051473487596183,0.0004394428882615277,0.0005961108672420286,0.001064925453762152,-0.14711638117675438
Bacteria_Bacteroidota_Bacteroidia_Bacteroidales_Bacteroidaceae_Bacteroides_vulgatus.5,11515.0,0.08518966662768648,0.030169261057099554,0.037672287272404896,0.05036198285358458,-0.14898194610642312
Bacteria_Bacteroidota_Bacteroidia_Bacteroidales_Barnesiellaceae_Barnesiella_NA.6,12509.0,0.4491364368378086,0.0007238041248787514,0.0017318883100451517,0.0067447805644920734,-0.14946137617485494
Bacteria_Firmicutes_Clostridia_Oscillospirales_Eubacterium-coprostanoligenes-group_NA_NA.15,12388.0,0.15458366701705592,0.000240730981389223,0.0005480112284864771,0.002050347050955009,-0.14986743193262297
Bacteria_Firmicutes_Clostridia_Clostridia-UCG-014_NA_NA_NA.46,12437.0,0.2751777843666968,0.0003104094870816019,0.0006502130478001164,0.0022177433721941443,-0.15322041539113102
Bacteria_Bacteroidota_Bacteroidia_Bacteroidales_Bacteroidaceae_Bacteroides_NA.366,12306.0,0.3997232280642605,0.005061509833555548,0.006481087916879772,0.00874326216033257,-0.1623625206807509
Bacteria_Firmicutes_Clostridia_Lachnospirales_Lachnospiraceae_Lachnospiraceae-NK4A136-group_NA.1,11578.0,0.07820245453626312,0.0006241355924811558,0.0007853716363796093,0.0009822413353981073,-0.16415114909932366
Bacteria_Bacteroidota_Bacteroidia_Bacteroidales_Bacteroidaceae_Bacteroides_NA.383,10958.0,0.0001939626586849058,0.0007931854386823005,0.003360573237712431,0.015418866411514777,-0.16650950403933784
Bacteria_Bacteroidota_Bacteroidia_Bacteroidales_Prevotellaceae_Prevotella_9_NA.69,11864.5,0.01143268014609371,0.000387743694248432,0.0014010944594432067,0.005989624797266035,-0.16918434785052291
Bacteria_Firmicutes_Clostridia_Lachnospirales_Lachnospiraceae_Dorea_longicatena.1,10818.0,0.012528992443407754,0.007691947576339542,0.00858770642325187,0.005201664070269443,-0.1722062084001376
Bacteria_Bacteroidota_Bacteroidia_Bacteroidales_Bacteroidaceae_Bacteroides_NA.330,11548.0,0.07138344488514431,0.0013880654410481411,0.0025900082577582817,0.00695484104001919,-0.17282103354972211
Bacteria_Firmicutes_Clostridia_Oscillospirales_Butyricicoccaceae_Butyricicoccus_NA.13,11671.0,0.03160010642748138,0.0001600640506587335,0.0002264411920555981,0.0003797458499038401,-0.17479359264537778
Bacteria_Bacteroidota_Bacteroidia_Bacteroidales_Tannerellaceae_Parabacteroides_distasonis.7,10952.0,0.00356464158399182,0.000511926601163373,0.0008685759161882299,0.0019915754699047603,-0.17907898566450628
Bacteria_Actinobacteriota_Coriobacteriia_Coriobacteriales_Coriobacteriaceae_Collinsella_aerofaciens.1,10687.0,0.008226078092162064,0.018081652975851428,0.022387381667033537,0.02318562896343821,-0.1857067883718782
Bacteria_Actinobacteriota_Coriobacteriia_Coriobacteriales_Coriobacteriaceae_Collinsella_NA.7,9613.0,1.3801126172730245e-11,0.00025610432550823874,0.004484197417112441,0.02187678908403772,-0.1932684488277673
Bacteria_Firmicutes_Clostridia_Lachnospirales_Lachnospiraceae_Lachnospira_pectinoschiza.1,11307.5,0.05091188222848513,0.0048923655349002206,0.005669994889486867,0.0039550412171859796,-0.19661725678296008
Bacteria_Bacteroidota_Bacteroidia_Bacteroidales_Bacteroidaceae_Bacteroides_massiliensis.3,11853.5,0.13687481914564056,0.0013460102401536144,0.004658214791304737,0.0166974467788062,-0.198365929535721
Bacteria_Bacteroidota_Bacteroidia_Bacteroidales_Barnesiellaceae_Barnesiella_intestinihominis.2,10695.0,0.001407061595365338,0.0008370260267964351,0.001687951599013464,0.00425393528662881,-0.20003256158872526
Bacteria_Firmicutes_Clostridia_Oscillospirales_Ruminococcaceae_Eubacterium-siraeum-group_NA.14,11706.0,0.029009721700600153,0.000452846592244952,0.0015581638768617943,0.005431406943522209,-0.20350478174630313
Bacteria_Firmicutes_Clostridia_Lachnospirales_Lachnospiraceae_Lachnoclostridium_NA.64,10146.0,0.000817231966649993,0.0018156666862038453,0.0040081957667387254,0.010611125555419525,-0.20662549595552265
Bacteria_Firmicutes_Clostridia_Lachnospirales_Lachnospiraceae_NA_NA.77,11180.0,0.016066934558412786,0.00032753838387482575,0.0004422189181559811,0.0005503177612693335,-0.20838966566632228
Bacteria_Firmicutes_Clostridia_Oscillospirales_Ruminococcaceae_Ruminococcus_NA.18,12724.0,0.6065534608611807,0.0005157685589901857,0.0014996212170757172,0.004707724932472995,-0.20898686142410366
Bacteria_Firmicutes_Clostridia_Peptostreptococcales-Tissierellales_Peptostreptococcaceae_Romboutsia_NA.10,10255.0,0.001743887887272432,0.0017448527460261964,0.002349789289156827,0.0028386436109886755,-0.2131076056144774
Bacteria_Bacteroidota_Bacteroidia_Bacteroidales_Prevotellaceae_Prevotella_9_NA.108,10917.0,0.0022705939997255146,0.0013018013141803003,0.005576416414419231,0.019966441587465907,-0.21408998100704907
Bacteria_Bacteroidota_Bacteroidia_Bacteroidales_Bacteroidaceae_Bacteroides_NA.331,13720.0,0.24453565331268146,0.0003645556660786611,0.000900616164375674,0.0024501187286819254,-0.21878960069228723
Bacteria_Bacteroidota_Bacteroidia_Bacteroidales_Bacteroidaceae_Bacteroides_uniformis.2,10733.5,3.250566205346617e-05,0.0006355362530002395,0.0033739136487769173,0.012244225673771618,-0.2236464329175639
Bacteria_Bacteroidota_Bacteroidia_Bacteroidales_Prevotellaceae_Paraprevotella_NA.9,10190.0,0.000900109485208453,0.0013691542264839237,0.0022000223115759055,0.003683706000232602,-0.22555222513401396
Bacteria_Firmicutes_Clostridia_Lachnospirales_Lachnospiraceae_Eisenbergiella_massiliensis.1,11312.5,0.0010528094826146562,0.00012424422373038223,0.0005138074623342919,0.0017125921250013042,-0.2274699462393084
Bacteria_Bacteroidota_Bacteroidia_Bacteroidales_Prevotellaceae_Prevotella_9_NA.54,10151.0,1.1599596784699167e-08,0.000287450794060172,0.0018240282396031356,0.006631870623622491,-0.23169593207529238
Bacteria_Firmicutes_Clostridia_Lachnospirales_Lachnospiraceae_Agathobacter_NA.87,10254.0,0.0017814196291395144,0.0606435420543449,0.07367999081009449,0.0560404426989289,-0.2326257275622621
Bacteria_Firmicutes_Clostridia_Oscillospirales_Eubacterium-coprostanoligenes-group_NA_NA.37,11927.5,0.10394775863528576,0.00044342926863457825,0.000966164997878309,0.0021948117508684985,-0.2381688220125856
Bacteria_Firmicutes_Clostridia_Oscillospirales_Oscillospiraceae_NK4A214-group_NA.25,11207.5,0.03840453918083574,0.001796856708440593,0.0024593861868900525,0.002738423336814872,-0.24193829695450378
Bacteria_Bacteroidota_Bacteroidia_Bacteroidales_Tannerellaceae_Parabacteroides_distasonis.9,9040.5,5.947539900601722e-06,0.002461178744725625,0.006525226566648224,0.0163649297298202,-0.24833884954098426
Bacteria_Actinobacteriota_Actinobacteria_Bifidobacteriales_Bifidobacteriaceae_Bifidobacterium_longum.2,8574.0,5.909194386933693e-07,0.009540080909394516,0.021679599201740705,0.04786073085709752,-0.25364255988050705
Bacteria_Firmicutes_Clostridia_Lachnospirales_Lachnospiraceae_Lachnoclostridium_NA.100,9208.5,5.48057196686084e-10,0.0003253662969876083,0.0008902424025556176,0.0022263664764241493,-0.25372107941333993
Bacteria_Bacteroidota_Bacteroidia_Bacteroidales_Bacteroidaceae_Bacteroides_NA.398,10713.0,0.008956323102801747,0.04103837833195837,0.05426252007797203,0.051442177868630756,-0.2570680770900583
Bacteria_Bacteroidota_Bacteroidia_Bacteroidales_Tannerellaceae_NA_NA.1,11473.5,0.03818550172817647,0.0006629246118756931,0.003236787118191899,0.009994972821889136,-0.25751570836485016
Bacteria_Bacteroidota_Bacteroidia_Bacteroidales_Bacteroidaceae_Bacteroides_NA.339,11315.0,0.0002650654544439967,0.00029642064030541154,0.0011113921547594317,0.003164351377795382,-0.257547730057025
Bacteria_Firmicutes_Clostridia_Lachnospirales_Lachnospiraceae_Lachnospira_NA.19,12090.0,0.25506206505946505,0.0009077844858351207,0.0013242305240338441,0.0015811872036245204,-0.2633755429111198
Bacteria_Firmicutes_Clostridia_Lachnospirales_Lachnospiraceae_Lachnospiraceae_UCG-004_NA.7,11479.0,0.07773416846798535,0.0013466852132335177,0.0017021689573403288,0.0013445571446515855,-0.2643872337600998
Bacteria_Bacteroidota_Bacteroidia_Bacteroidales_Bacteroidaceae_Bacteroides_NA.343,11184.0,0.0001734024736723163,0.00022597989683363512,0.0011525460534102395,0.0033921941810244284,-0.27314655563048734
Bacteria_Firmicutes_Clostridia_Lachnospirales_Lachnospiraceae_Lachnospiraceae_UCG-004_NA.20,10265.0,0.0007192924290805189,0.0005117795958425372,0.0007654582836651243,0.0009214171846656409,-0.27531360608890826
Bacteria_Bacteroidota_Bacteroidia_Bacteroidales_Bacteroidaceae_Bacteroides_vulgatus.2,8742.0,1.1386025074101923e-06,0.002754222009350483,0.007386267529354708,0.016668951131233765,-0.2778846421431305
Bacteria_Firmicutes_Clostridia_Lachnospirales_Lachnospiraceae_Blautia_NA.6,10531.0,0.00019446271298293033,0.0003059358041455083,0.0005977442102658627,0.0010498128443467366,-0.27796231270340094
Bacteria_Bacteroidota_Bacteroidia_Bacteroidales_Bacteroidaceae_Bacteroides_coprocola.2,10640.0,5.737704733494474e-07,0.00023355511578009095,0.0014715454111252373,0.004452152064290608,-0.27806559108227674
Bacteria_Firmicutes_Clostridia_Lachnospirales_Lachnospiraceae_Lachnoclostridium_NA.98,11787.0,0.04664354083441827,0.0003302088207846132,0.001160472723556267,0.002979113316617251,-0.27869497213835726
Bacteria_Firmicutes_Clostridia_Lachnospirales_Lachnospiraceae_NA_NA.59,10047.0,0.000781768452633252,0.002637094182277918,0.003939313488615683,0.004634386970539069,-0.28099062823540866
Bacteria_Firmicutes_Clostridia_Lachnospirales_Lachnospiraceae_NA_NA.43,10636.5,0.001876285249703109,0.0003830305512651462,0.0006192014262058445,0.0008325921293792609,-0.28365734746589005
Bacteria_Bacteroidota_Bacteroidia_Bacteroidales_Bacteroidaceae_Bacteroides_massiliensis.1,8785.0,5.693596448738778e-10,0.0004605592307707861,0.0010381708371111468,0.002025038215162946,-0.2852349165637266
Bacteria_Bacteroidota_Bacteroidia_Bacteroidales_Bacteroidaceae_Bacteroides_uniformis.1,9967.0,0.0005736292736714352,0.020533373074978146,0.02738641052104527,0.02330425296420252,-0.29406810235857034
Bacteria_Firmicutes_Clostridia_Oscillospirales_Ruminococcaceae_NA_NA.68,11346.0,0.000682389655668981,7.131121211751055e-05,0.00017394438964807215,0.00034808793956134964,-0.2948484157764758
Bacteria_Firmicutes_Clostridia_Oscillospirales_Eubacterium-coprostanoligenes-group_NA_NA.49,11067.0,0.0005917833319205334,0.00028669723702636195,0.001543117933699443,0.004178689781698135,-0.30067335990720445
Bacteria_Firmicutes_Clostridia_Oscillospirales_Eubacterium-coprostanoligenes-group_NA_NA.55,10875.5,0.00012064648698221811,0.0002336235886761463,0.0013755594501506658,0.0037612679519836373,-0.3036039644216997
Bacteria_Firmicutes_Clostridia_Lachnospirales_Lachnospiraceae_NA_NA.31,10428.0,0.00015991151558703766,0.0002368968787264867,0.00044181335799450285,0.0006749091358416009,-0.3036208407706447
Bacteria_Firmicutes_Clostridia_Lachnospirales_Lachnospiraceae_Lachnoclostridium_NA.68,8459.5,2.9920723686626644e-07,0.0024484091440198806,0.003874848518655718,0.004677074275908242,-0.3049854012333034
Bacteria_Firmicutes_Clostridia_Lachnospirales_Lachnospiraceae_Lachnoclostridium_NA.88,10311.0,0.0013830039836244654,0.0006341590825743893,0.0009123228249254434,0.0008680888579588808,-0.32043233800407794
Bacteria_Bacteroidota_Bacteroidia_Bacteroidales_Bacteroidaceae_Bacteroides_NA.342,7358.0,8.384138202447651e-13,0.0009912071248473658,0.004573541676808834,0.010985529053513325,-0.326095769672175
Bacteria_Firmicutes_Clostridia_Lachnospirales_Lachnospiraceae_Lachnoclostridium_NA.53,9874.5,1.1983792588989523e-10,9.451772059965695e-05,0.0005016149982494906,0.0012359800332527608,-0.3293720502737129
Bacteria_Firmicutes_Clostridia_Lachnospirales_Lachnospiraceae_Lachnospira_pectinoschiza.2,10550.0,0.004988652652603709,0.0015602424549715805,0.003093571288520194,0.004581646032818778,-0.3346676767618514
Bacteria_Firmicutes_Clostridia_Monoglobales_Monoglobaceae_Monoglobus_NA.5,10347.5,0.0025236797619144747,0.0029369790988061284,0.0036533300429315374,0.002134854643057678,-0.33555021952192704
Bacteria_Firmicutes_Clostridia_Oscillospirales_Ruminococcaceae_Ruminococcus_bicirculans.1,10699.5,0.008365918158980173,0.0029104220236188757,0.004580162717885188,0.004805317155887359,-0.34747772937746396
Bacteria_Firmicutes_Clostridia_Lachnospirales_Lachnospiraceae_Roseburia_inulinivorans.1,9597.5,0.00011576436959630445,0.0062121065856305694,0.0088714217123675,0.0072242510431982584,-0.3681094567222598
Bacteria_Actinobacteriota_Actinobacteria_Bifidobacteriales_Bifidobacteriaceae_Bifidobacterium_NA.12,8666.0,1.0011817742125104e-06,0.02072292496105574,0.0440167967288099,0.06296560131230781,-0.3699459908628068
Bacteria_Firmicutes_Clostridia_Lachnospirales_Lachnospiraceae_Lachnoclostridium_NA.102,8730.5,4.552861482583617e-07,0.000669606437558569,0.0018045406123749143,0.0029493730380905185,-0.3848052315386743
Bacteria_Firmicutes_Clostridia_Oscillospirales_Oscillospiraceae_Colidextribacter_NA.17,9011.0,1.9517582538567922e-07,0.0004067749975564394,0.000777070226985183,0.000954491567305735,-0.387950236662629
Bacteria_Firmicutes_Clostridia_Oscillospirales_Ruminococcaceae_Faecalibacterium_prausnitzii.6,7853.0,3.1049220153338584e-09,0.0019353923216894103,0.003676756497502704,0.004207145782815091,-0.4139063074367986
Bacteria_Firmicutes_Clostridia_Lachnospirales_Lachnospiraceae_Lachnoclostridium_edouardi.1,8833.5,2.536782330464397e-06,0.0025666529677692896,0.004126426805103224,0.0036953729177354407,-0.4220883445478566
Bacteria_Firmicutes_Clostridia_Lachnospirales_Lachnospiraceae_Fusicatenibacter_saccharivorans.1,8430.0,2.549935088931942e-07,0.01760409576271286,0.025173048673972465,0.01478911261084317,-0.5117922292180098
Bacteria_Actinobacteriota_Coriobacteriia_Coriobacteriales_Eggerthellaceae_Adlercreutzia_equolifaciens.3,9648.0,2.2107557108139112e-11,4.762673495154427e-05,0.0003616270123226769,0.0006092309044080291,-0.515404381326054
Bacteria_Firmicutes_Clostridia_Lachnospirales_Lachnospiraceae_Ruminococcus-torques-group_NA.29,8156.0,4.871725901621162e-12,0.00028119025873407595,0.002130738119372341,0.0033868129862727873,-0.5461027426476553
Bacteria_Actinobacteriota_Coriobacteriia_Coriobacteriales_Eggerthellaceae_Adlercreutzia_NA.6,8988.0,1.4111942733242922e-14,5.88943246526611e-05,0.0003169725130511565,0.00046907711878446906,-0.5501828549370723
Bacteria_Firmicutes_Clostridia_Lachnospirales_Lachnospiraceae_Lachnospiraceae-ND3007-group_NA.9,9049.0,7.997914261602761e-06,0.003204179396565342,0.004353166303932393,0.0020840473996519213,-0.5513247479682828
Bacteria_Firmicutes_Clostridia_Lachnospirales_Lachnospiraceae_Roseburia_intestinalis.1,5538.0,3.386397665889934e-18,0.0024486623584697694,0.010409082783689844,0.011573815836261311,-0.6877956706620215
