,U299,U300,U301,U302,U303,U304,U305,U306,U307,U308,U309,U310,U311,U312,U313,U314,U315,U316,U317,U318,U319,U320,U321,U322,U323,U324,U325,U326,U327,U328,U329,U330,U331,U332,U333,U334,U335,U336,U337,U338,U339,U340,U341,U342,U343,U344,U345,U346,U347,U348,U349,U350,U351,U352,U353,U354,U355,U356,U357,U358,U359,U360,U361,U362,U363,U364,U365,U366,U367,U368,U369,U370,U371,U372,U373,U374,U375,U376,U377,U378,U379,U380,U381,U382,U384,U386,U387,U388,U389,U391,U392,U394,U395,U397,U398
U299,1.0,0.4958737114470998,0.5645198424912539,0.4939961798129857,0.6185320185519766,0.5356954563293057,0.5460227642161743,0.38273435502490777,0.46576756820867243,0.6023464606403899,0.6122109322799331,0.673618314319092,0.5830611322448797,0.48213519778940234,0.38014771835173683,0.6281614743140503,0.5053407619690421,0.40223022148964566,0.3112791360146538,0.1977705694133697,0.665057544544511,0.46732138420097463,0.5137912730076336,0.3432883736407267,0.3266861492627238,0.5465763479969742,0.6874010924518426,0.5745710572947328,0.571777053860366,0.4918699110044094,0.14130740487319687,0.28616560161661686,0.4694295898845828,0.1243333001219245,0.36312038212648357,0.18929899780583465,0.4279596455035669,0.39945572379944067,0.22276837919392295,0.7171016165432895,0.47902222508795694,0.23206847365254443,0.4765871589544233,0.4162053359962548,0.1852842812094121,0.1487645811127262,0.6091213420567089,0.6414938467135262,0.4011679974463161,0.4694313226134637,0.5219875419244292,0.41304792772453863,0.5394014494977197,0.3935107973765343,0.40091262293763863,0.5451142052607569,0.6913573371021894,0.5078900107838399,0.1298895895056198,0.4643547883885533,0.216240979205987,0.2767672494245532,0.5041983136379361,0.43322900712981255,0.38125468405681,0.2154854015976838,0.7019051853293251,0.3491594587767541,0.47105755206618594,0.4407803505646992,0.3664777267398283,0.5812732959279625,0.6496799545895905,0.5126802991365178,0.32511102105065004,0.43840979844250166,0.33043334154785464,0.6162330998799306,0.4790911111995431,0.208302092238566,0.35885810363156273,0.6642043463870992,0.24288660697748962,0.40667459395094113,0.7218058803778999,0.6922546923056424,0.6275462200587122,0.6028161049170098,0.6237487713838592,0.7460641027281474,0.5829587330980089,0.6244094933973517,0.2438077313120363,0.5563081227165441,0.1671454713144465
U300,,1.0,0.6484955148024405,0.8258832684432752,0.3505151562808446,0.745176909831963,0.6640261702915904,0.41247509245236613,0.4753261046659519,0.5797184353596221,0.52092618623463,0.8275969623284403,0.5910227873232486,0.37287351999523266,0.7640705895023424,0.5070314355360951,0.7166458968306556,0.4246965998641455,0.2778210511543205,0.2004571152523629,0.18323909514059455,0.5514750611401239,0.585471745962537,0.45662722389280763,0.5130228466449486,0.7943749053777722,0.3684876373593758,0.7142846206259206,0.5761917039290005,0.20680255127506203,0.18726504234851818,0.4930451909340727,0.8957216997037689,0.24479947255029125,0.3912716191168202,0.34228492440324626,0.658815173466516,0.5178340101372169,0.5003262317154538,0.3756445498247296,0.7084915917341702,0.3275755768521017,0.5706602277225148,0.5553196320936514,0.15070568493226041,0.19272986557687977,0.5248723775118423,0.14920499636645057,0.396565328193929,0.34204041714800804,0.6669694066450343,0.7417968994508235,0.7485569694967978,0.8218525842133567,0.601868134383156,0.7320372780861139,0.554229060438841,0.7489261636096725,0.17740205052968383,0.5392467532785172,0.2742447147844595,0.39177596292632033,0.7880144543413732,0.6731143449701179,0.6121134692380795,0.18006793259111287,0.5030296868100478,0.4289672854504095,0.4924502732949397,0.5587303205087688,0.6877755324539799,0.7773509587547602,0.681306570506938,0.3457043082480785,0.46182899912050895,0.6425602802338395,0.7717456974678335,0.21165274846295332,0.557463270825946,0.4244646955565111,0.6001019585842754,0.6072734003535458,0.4828017985662731,0.5840646050362079,0.5924996769548384,0.23247552034422958,0.49576701389341726,0.780876692959236,0.6919504878057554,0.5439296341717355,0.6406589389648792,0.6200000319965209,0.2577483197028476,0.44560180554423634,0.12377698738744704
U301,,,1.0,0.49117623202085453,0.19479617397435017,0.5830063460685115,0.629192421546973,0.36507932480597527,0.49328034646211955,0.5362186245994962,0.44688746609671887,0.6439952056472322,0.5873672597538067,0.20609664652297838,0.2989838535642687,0.35768574302263145,0.6154828540955626,0.34044654739744756,0.2352279320845331,0.1609410035381267,0.18231424605713328,0.46715706038148386,0.6230547589749232,0.3843239946180461,0.2345256326513108,0.6008370966463444,0.31915208678593215,0.6083261372977748,0.5330508123965825,0.1636288088539844,0.06080397591495097,0.24394620156296104,0.5926185350432639,0.13306873095254168,0.3124063696512185,0.22601254561906087,0.5344633258564335,0.3974467322566241,0.2583866815306958,0.46636952527810344,0.5385593062118104,0.3242157058084321,0.5909067682238165,0.4660801169003723,0.14889495767795374,0.16879069411333833,0.6195914735488273,0.1565087972843456,0.44598354677023605,0.47914516959884274,0.5164446590315865,0.3939902291352015,0.5897379241346241,0.5137442908213881,0.5200257726873734,0.5533948335371213,0.5387381589763934,0.5254223277416145,0.1421541032692215,0.5535637486088044,0.21858544328791332,0.3068714246555144,0.6642482008236947,0.4705598970170487,0.5233229864278817,0.17618515419816883,0.5009612786691681,0.4253062766097027,0.4211913384494536,0.4748973844182689,0.5845719928589348,0.673750708690789,0.48380595426932255,0.3177400441750103,0.4663082839572752,0.6568545588702186,0.3092849050118623,0.2042046792603754,0.6122975477528539,0.3063271639354597,0.5626827037803275,0.6826136014971892,0.23512497323399306,0.5737983385907917,0.6474966559460515,0.2427653849228747,0.590696350046774,0.6571604930317527,0.6607351796283485,0.4594951371176639,0.6257754602607407,0.5944868327314676,0.259263134832365,0.3559246700777522,0.14171515285926667
U302,,,,1.0,0.4449799096794896,0.7947216245885895,0.6679779156767967,0.5281300057588613,0.6232089405076221,0.3216935393061139,0.517982558958171,0.825416663872072,0.7330929236893595,0.4154866118979563,0.878533241511741,0.5414596099371143,0.5952246612382667,0.49471459722259814,0.3474595431657607,0.1884398788532975,0.1936608968511249,0.5832675125709816,0.7010716991575814,0.5113558272065762,0.5969766622040804,0.7201460610602554,0.4456695770189184,0.7747068941653866,0.682358631923836,0.2004031465219913,0.1617935347739495,0.5230490452102411,0.7644341928746032,0.2503177651681015,0.4759050767681004,0.1942171108641656,0.37246531582601794,0.5273686132630221,0.5513911552794007,0.41559595526753657,0.7758717861944415,0.3045889188547007,0.39845912401415395,0.5339937310313361,0.15312642466553467,0.16404346087045613,0.44105381078550976,0.2105249452401182,0.5021236709080599,0.3147360528221155,0.730631489842153,0.8189926183846538,0.7219710399067678,0.7715661834938872,0.5469216249457657,0.6640024041133205,0.5752734622153868,0.8392854758436449,0.20189231888188802,0.5113527628531008,0.29785405062754017,0.35599529884779224,0.6598083195961241,0.6961399166702626,0.4692139469963039,0.1461855737659947,0.41412899644366835,0.338953836811436,0.5546511982452713,0.4337482785049659,0.36022486045486757,0.5800522137343134,0.7584949584702833,0.3356895675391875,0.3031531520355801,0.5229942694290494,0.8389347513245954,0.22273255751539806,0.398295518198159,0.3119280465423092,0.3585204705769878,0.4097694679858834,0.5555042719394285,0.5038005192458407,0.579860609003161,0.32243209914321025,0.44276753224007054,0.8381759546577097,0.6161759234740485,0.6677981858998167,0.5238835918724833,0.624412551388872,0.2349484883194102,0.5389336229842127,0.07572879459889562
U303,,,,,1.0,0.3264316880120045,0.2779450388869413,0.24901931360806043,0.2808746582783873,0.4800747856114118,0.41529214217783283,0.36852149872735473,0.42878204661022207,0.6057469395759788,0.46292458008826176,0.23686655340555557,0.2617295319628253,0.2863753114581097,0.5402776219984858,0.14158602745284446,0.8314408601296913,0.32083055668236166,0.3434564827265776,0.26886777210423707,0.3753973400998075,0.33582115004838564,0.7459710094628094,0.39211000211778424,0.390680280935795,0.11325498570461232,0.175123603933616,0.2809991225254902,0.2841992618090893,0.09595311599407741,0.31368491429086015,0.08251856595614084,0.26775338630233847,0.28198736991432805,0.2528380575761493,0.6787950216450821,0.32536009314614317,0.14344995946579142,0.1419571512261513,0.21400346029895317,0.16470077432191232,0.07960822386069318,0.2687071499570269,0.8608048203706137,0.19173250324559463,0.12314716622741295,0.31195565951363063,0.3660354698162414,0.382013758983996,0.2735882080981211,0.25370537696347434,0.3855955180017682,0.6272177748303287,0.37787434690383664,0.08267091050357502,0.21815579801761306,0.12650068281707746,0.20007416151630153,0.2326404198692383,0.2600042492469355,0.21596352015059556,0.14832450934864036,0.6715291399388355,0.15341488788166777,0.36249491779518495,0.5727845421569037,0.13702170107247008,0.2463768154064061,0.5930609291624237,0.5778603181080921,0.13775226682023906,0.22691948991152994,0.39077728859995514,0.8043025275253073,0.13197596785749224,0.13467090912456978,0.1347122052142462,0.3462397594072379,0.2191529656421461,0.18591923444246528,0.5422552379876832,0.868211740876601,0.33461967885636984,0.3593934177492074,0.30814088688171093,0.7917283347696054,0.33670352235976375,0.6216496834786895,0.10667626958539494,0.480587487600892,0.10914342457557366
U304,,,,,,1.0,0.7536442949157275,0.4932385976442168,0.6946063322498842,0.41012445720612195,0.5810365889342582,0.7804709577726966,0.6624461035825031,0.3057702639114826,0.6987599092940758,0.5984557083418542,0.6121680660329593,0.41928556886506063,0.3476770327252434,0.21906583479246375,0.12896358729953594,0.577648958377348,0.6344567514579442,0.45290799837310247,0.611413922418442,0.7455963080527837,0.41827549183491364,0.7385710592423308,0.7128252745892492,0.2613224010667832,0.1037744223733175,0.4586578581421135,0.723143203927222,0.40927434691240977,0.501409561323482,0.3011224538520001,0.42913071922991725,0.5030836243356006,0.5529070221814647,0.4486306833270117,0.7364864669486619,0.3382518639287376,0.49492018725603243,0.5686001496172833,0.3639009664035625,0.2926371750384771,0.5487651046182864,0.15738498793459554,0.6439071318988856,0.40399279727180154,0.7004756127853552,0.7572715336649396,0.7738915015891292,0.6719764913238218,0.6602903921739219,0.7052855487775448,0.5484077957780988,0.7914391599566833,0.1971390266932008,0.6290800483065394,0.32110816370029593,0.46385808688829533,0.7188450312847919,0.7166240909846489,0.6594573960520106,0.3569707195376416,0.4897863378520353,0.444207922138188,0.6355106842927868,0.46713189057118376,0.43191203911128073,0.5948046032134282,0.7426560046285229,0.3149590857217714,0.483655906586235,0.5620937373695658,0.6661097279773514,0.18523882031712977,0.4919945930788205,0.3291674475829574,0.47881092325067576,0.5245044227670844,0.505303693527421,0.5790302901783193,0.6236357725300057,0.2550070064001143,0.5492279946152857,0.7851753015093358,0.6838455896006026,0.5661893051647151,0.6194562978880509,0.65929083977343,0.2709943092127186,0.5797363960533584,0.2473492843030674
U305,,,,,,,1.0,0.4923085797212766,0.680594682653691,0.48262336049819005,0.6313448099362907,0.6906660585677346,0.6310130830070422,0.28147233381138514,0.45254582858568854,0.4484899218008893,0.8443421396576914,0.40241098564329697,0.34345175309498926,0.1832766894517467,0.18304319611506575,0.5046031691479727,0.6396465484627342,0.44684459938694,0.362567202409903,0.679922186555693,0.4828580217847152,0.7068911148752393,0.6906122053955424,0.15918583274169287,0.09017355871822004,0.3225580343012283,0.6566183603212861,0.19652332201352204,0.4567476633219862,0.2552861707627377,0.5229827004154771,0.41634868826993227,0.2986177812641179,0.4447639521626101,0.6491160184234077,0.2847058969381224,0.6861932374259726,0.5843378973674057,0.21308077283965124,0.1882190127237269,0.5906677754336765,0.1830519716135022,0.6164374535883952,0.2886731513803945,0.5621897622644941,0.4684216572056937,0.6531006738788068,0.5703396296529842,0.5040178044426834,0.6277281756063614,0.5421047719815955,0.6357705946573619,0.15057358033954238,0.530483489106185,0.2985408879201201,0.3228037024862122,0.7268933266681544,0.6931988946758062,0.5839801537447663,0.20544263383475647,0.5748364861299706,0.4198213273694096,0.5168100284522245,0.4728733398443926,0.5350727017914036,0.6855030344125662,0.6837937490100257,0.36324205616793775,0.5295366069185243,0.48892540343092067,0.42636892760702866,0.22591650573704083,0.5708881948320109,0.30108867713536824,0.5130983994741476,0.6238402672419426,0.40985039840907417,0.663850107962333,0.6111499031817721,0.2854883196897766,0.5105297838175465,0.7133626412433706,0.6621362398158765,0.5420648162564248,0.6905300826083896,0.6465874521503127,0.242689112721514,0.44599959088451857,0.13249795217517263
U306,,,,,,,,1.0,0.5759692401140452,0.19555720503931945,0.324660379504817,0.43525415507413406,0.5178799278169958,0.2697838655232466,0.3259587854460191,0.2809452773320958,0.3434856927589354,0.3771503853338013,0.23751644270458278,0.0814846852872137,0.13767951798630784,0.3060428682552367,0.5134135926767094,0.284292578712075,0.2664593160691464,0.37580325187340413,0.2520356126710864,0.6822296440804034,0.4879767471425564,0.11205863691963162,0.1523924977181379,0.21221185641606596,0.3649463171833869,0.23135856830373056,0.32965512231270044,0.23712096816512243,0.19996959678041545,0.278500621849298,0.21533772189461436,0.28804295529885404,0.4628860933948925,0.16057593722508814,0.2476874870136347,0.3718468654411033,0.11977091356306308,0.09952420517528407,0.30032806486209146,0.146936371125828,0.41961552445956946,0.18817302118785828,0.40640406824276487,0.3257907006583857,0.39625572211290805,0.36060396110528925,0.3188670132705739,0.3683125316900181,0.36615978843827524,0.44402452962757866,0.11711372970549744,0.3603520367046058,0.1780276335775138,0.18808123435404506,0.3754377701752749,0.4240115665896415,0.32989460314773245,0.10808380448086899,0.31468231645612516,0.24214426511653755,0.3479971553697895,0.2876313619797016,0.2004848348501257,0.305076288834289,0.4331315682457274,0.2232905573610251,0.22477485805088532,0.26737029792391315,0.3127211858807706,0.12184900113775829,0.29556693194077327,0.1732160043178392,0.41053847135756344,0.3071718666842693,0.2997063674559528,0.39446344955856694,0.3696296197655182,0.23429069613176712,0.30791380051356576,0.4881482213807149,0.4039458728134248,0.44849231452391014,0.3284495692516397,0.4131374734143332,0.1384356070283391,0.3127709248752789,0.04654194666148242
U307,,,,,,,,,1.0,0.2021134454024191,0.4467411437810956,0.5924959060820425,0.6707250473397471,0.23218694748129168,0.38140481646300217,0.37906169862973094,0.4295073372516365,0.36313892863093544,0.4108822891165776,0.13765057810219178,0.11314139901524788,0.43311780103613173,0.6728481156060624,0.3535177655576211,0.4037726468346684,0.5043866654802128,0.34393825896322505,0.7232601138278975,0.8182280309163283,0.14617434118596953,0.07072133934719119,0.2805881130005227,0.3837604312139525,0.15173904084500925,0.42696089958188305,0.17517851851352176,0.2062085025353143,0.357867200413785,0.31062544093944283,0.4057180417755773,0.6385747903393016,0.25327484621848784,0.32278913320158353,0.4998922945014997,0.29364785116625586,0.15896062923923912,0.4344876396968625,0.16200476962840915,0.6293262813946147,0.27709967907147715,0.5670844848501484,0.44676052379758596,0.5569056393708917,0.3858290708671299,0.5011695573660886,0.44694427099224837,0.4505044668754493,0.6071389169602591,0.14036995293171997,0.5904168888340404,0.2963196171222009,0.37781817467040624,0.4811688331856254,0.6163942537512719,0.39788032802128803,0.27644305842355577,0.46037879640697005,0.3084493635864431,0.4955230249290488,0.30501660627378513,0.2070177700215353,0.34958343058134184,0.5865792110329426,0.23771211247247379,0.3443108214513231,0.3534153798388467,0.3622089735047162,0.1533209118407548,0.4180277133419753,0.1727386611682709,0.2586232970408007,0.39430000993180553,0.2913636935451629,0.47889974939761265,0.5643469664473566,0.29745749690609535,0.5006218589541952,0.6802003184372238,0.5639716751086952,0.5852894469107753,0.5477658029693507,0.6122328156638518,0.2388207382658036,0.4825969012857657,0.19415433541735383
U308,,,,,,,,,,1.0,0.5975279776597282,0.46684515000350135,0.328778346405401,0.4724458473524264,0.24651947943287916,0.28300599343972177,0.5969429675544045,0.3545394218241951,0.21913319323934916,0.23900456068917467,0.6144949577663892,0.30039458009294656,0.30943809414146056,0.32105600787975547,0.1825714362089755,0.6282161112223958,0.5193081657016497,0.392689308347982,0.37094425470976783,0.16670877541513776,0.22404027161583406,0.21248920260509407,0.6348219515786454,0.2659413160486061,0.26179303035425505,0.28702886487700635,0.8777588873597703,0.30607741142664624,0.12482601114654882,0.5029647048780472,0.24658275378942035,0.15501461764931843,0.6300908344613935,0.3979456442311026,0.10938641967459464,0.14409849339762307,0.531756692487316,0.52221900056423,0.1860542224805991,0.272211196677979,0.24649095962929568,0.2555906814031593,0.5301411303696105,0.47444794378368166,0.27567149666754165,0.5819955954817334,0.5768810195345253,0.33921403591476296,0.08006675154043401,0.25455697594975424,0.14268377759509343,0.22740508870569087,0.6828355825118615,0.4008702372418302,0.6805596882631831,0.16757300588593319,0.8128773616706821,0.48676574012221585,0.3654217884749521,0.5585198976264891,0.842402876922307,0.7021146874287532,0.5207052739722088,0.5106760207905942,0.5358874806525247,0.3641188767977276,0.23583252555573903,0.5618142661657386,0.5997401843175886,0.32851715876243637,0.6179321179897895,0.6867927880624134,0.1795109119791557,0.42831190217090576,0.5703533608360041,0.5297638195968192,0.48491654916409266,0.4294797262617321,0.5510761152804701,0.5178209415316335,0.6125792527478061,0.5282921844023744,0.17734257856427335,0.36333019260389116,0.1432929161365408
U309,,,,,,,,,,,1.0,0.6066248795157841,0.5874321123741465,0.6595499386747479,0.42540842717052757,0.3649352479170436,0.5788996025489352,0.4425475544804717,0.3221348850136481,0.2645442682991324,0.4751086771458835,0.6568073028463943,0.43940757654242213,0.3964823467041363,0.3247875465927547,0.5468776160100236,0.6242772395613708,0.5001280910918899,0.5604146520313731,0.19548323014918367,0.48743376367701513,0.2510336161073766,0.5285754214763144,0.1310299281530104,0.5467150369998253,0.2031663054576791,0.5014809047562528,0.3313409402370415,0.18510842000629113,0.5308950301153262,0.42289407350664826,0.2094207645881171,0.5425969714926999,0.457297398575237,0.16862647956582633,0.14278610364493144,0.5702750536145335,0.3681909191098819,0.4448093479794434,0.28097084936976674,0.438183240591481,0.3659312956260188,0.5274808112034344,0.43111325773007175,0.4000202382813953,0.6463328641023942,0.5571974114923944,0.44580733122123917,0.11715909899996675,0.3494844299259308,0.2832421690708385,0.23186735593783106,0.5949445915078417,0.4914320994740144,0.5559559828568094,0.22668259187215373,0.5944706305767693,0.34411357505944606,0.42831008203420984,0.41509631411785497,0.4606355277096058,0.5340150288536685,0.6867723225308058,0.41852574547717275,0.37066233104640406,0.3218650286000491,0.3157230583453403,0.43236457795994787,0.4952727850618748,0.234939804915344,0.4235672241461395,0.523128554090676,0.36849514588680654,0.38109518989790253,0.5767098556881802,0.4025356974621447,0.4874671011462451,0.5089402828208878,0.5287695017225577,0.5478815132983932,0.6271148124014057,0.5998904779479143,0.2216482397452296,0.6795810775932439,0.14008953492139398
U310,,,,,,,,,,,,1.0,0.7279734091519336,0.3876867706703387,0.7327117255909208,0.6588914769218293,0.6941705138823769,0.49931284150697575,0.37812707285252456,0.27441138329045445,0.23580128386860952,0.6560734845108025,0.7326811850896702,0.48414041888160503,0.5293417439340613,0.7834318285409385,0.4534878291033465,0.7740046752564844,0.7561796219884177,0.32614631787602044,0.16716004679422272,0.47251508319502655,0.7718034167731865,0.2127619834039314,0.44388161264605086,0.2469943713523289,0.47526217767779183,0.6363503951192868,0.48037039083398336,0.4796451223477476,0.7683332530892597,0.3529457159229009,0.5413638939379678,0.5713084350954841,0.19579953296824576,0.18146920760840618,0.6075589305607842,0.21338965113411895,0.5580920693240699,0.4784411729265668,0.7690063246320049,0.750091522738753,0.7435014113130216,0.7236424483985063,0.6218202160656777,0.7019571649034395,0.619002044926288,0.8040311126462988,0.20245837282832954,0.6330395318428943,0.3272261058400843,0.40991536501296266,0.7182623457746888,0.6790854005598819,0.5284728899934129,0.22064442952684055,0.5079544329692519,0.42050389263058713,0.6320121095561816,0.5038806692645669,0.4805755381617036,0.7280048630367107,0.7466234145360926,0.3391519835020024,0.42256122294208925,0.6109971790129332,0.7076309556495411,0.22786336922723455,0.5623848693444954,0.3453463098366194,0.467142411737857,0.6146866428434967,0.47591762213187633,0.5468736986667174,0.7024307097033947,0.31729028135919657,0.6061333502157803,0.8712613597656249,0.7433288174055241,0.654017669795139,0.690747247716853,0.7040740047518121,0.30459097362900867,0.590889777515984,0.15190826791287101
U311,,,,,,,,,,,,,1.0,0.39746653079355504,0.5694640783880267,0.4359425284785738,0.5074965548092522,0.43654334671275713,0.3701531707129695,0.18342212209731004,0.28700602123023466,0.6411564735790106,0.8819945392615056,0.4612811334885518,0.41969711711873875,0.5919072234222615,0.523403895916245,0.7426866667897368,0.754387911833727,0.178272219510926,0.13486569976818275,0.3403057617312285,0.4965474193014252,0.15000478860215655,0.5659078444009775,0.12784190798920825,0.31916346401085716,0.4845589744268364,0.3385154689206663,0.5563150009056395,0.6321874557292342,0.31615021220367207,0.36078537760399787,0.5421198164764522,0.19006162901531015,0.12562270353782887,0.4857020952307138,0.3169958648386167,0.5939984688756217,0.24326778950215874,0.590318830425835,0.5299028177002552,0.5659105916687257,0.4955041747003858,0.4815817865020354,0.5838291746326848,0.6490790832537977,0.6486737702268063,0.17476390809070183,0.4570150756472162,0.2788896625407856,0.28621907195142265,0.5103991521924983,0.5479757520926128,0.44841713073120393,0.1625751457565861,0.5003065747091705,0.3309774117861613,0.5950579353733696,0.38139541009176925,0.27608656630053124,0.4277487934529865,0.6884870979916725,0.3687680389194022,0.26610005496056444,0.41528135934134464,0.49135903602476927,0.32533977447390483,0.4034972561350108,0.24929157724454945,0.3247573603187684,0.44646924207620337,0.3972449588162477,0.474418501412228,0.6578585520666805,0.43166777878698265,0.4733076562870109,0.7535911340512892,0.5632786342889903,0.7256849003656429,0.5647568160302938,0.6962796828580466,0.2846590999758675,0.535373272920612,0.08984927733877947
U312,,,,,,,,,,,,,,1.0,0.3762806709256699,0.2380718219934726,0.2952193185372931,0.389068589959061,0.20906926943154333,0.1293018712070085,0.6921439518102216,0.30668581550156726,0.3107634813520296,0.32227786065392944,0.2812690309695403,0.3459053110158528,0.49459808604778416,0.360793824909525,0.3316245825213827,0.14815653105190693,0.8365752669966798,0.24038755499995748,0.2989059006638437,0.09654103608771529,0.3410684771532757,0.09065993133401627,0.2848136070784365,0.29061230159714174,0.18948530658755994,0.4432895802590988,0.3371974934237656,0.12481802956776006,0.16758200485906996,0.19802387259137103,0.0675995054263992,0.05816009864335745,0.2473115276114917,0.5671351761473392,0.20436083027084048,0.16064211019214236,0.31183664364222696,0.29882626607218027,0.3684620675665416,0.25811472445492106,0.23342760670596738,0.33262252569764966,0.5370287232628443,0.33016131735900744,0.07152169086637968,0.21369347194701174,0.16677741170017332,0.13622326947304117,0.2775299700576717,0.24828797175057654,0.36960838547718466,0.07797402767352389,0.5235677658094349,0.1602450641278325,0.3055405499391199,0.2655150157778759,0.15881964130269485,0.24143335633334195,0.4885762734328719,0.4137834068796681,0.15275690718987567,0.21175172479690602,0.3609280257514482,0.46690834321925084,0.16065163815346292,0.12417531701482165,0.15082308445708034,0.2962891898145448,0.2656874853187044,0.1934920935071644,0.4561185080657083,0.5309799634177618,0.25319686651984974,0.3336555621656471,0.2766694005003943,0.6256800689684803,0.2697678686719576,0.4200132409485886,0.08480205315408729,0.5260506372078374,0.030694856473726002
U313,,,,,,,,,,,,,,,1.0,0.5048609865713953,0.46452245326763597,0.388334268354238,0.25400344500537186,0.19988524943431182,0.17666022484246063,0.5504273615848375,0.504638056174011,0.40117302571328595,0.7721797835150421,0.6276966923588756,0.4136416734397763,0.6137718992813873,0.5127065440725365,0.20041779277660796,0.1470027849678405,0.5898987906577909,0.7434905387716052,0.2475290570962412,0.42042244265454787,0.18610582531687747,0.30050113678372986,0.5471410894871009,0.6734423593599902,0.3270687469976285,0.6836097615840383,0.3011496442319676,0.2960619940995873,0.456820086449051,0.3116963772064017,0.16657562900251444,0.3537397479399996,0.2037498283133401,0.3741773542427579,0.25330186813340644,0.7214461190138088,0.8999621295735234,0.6630914039886303,0.7343535943569348,0.5197126016065038,0.6486618963220785,0.4945557809519485,0.8252441537336601,0.20026359984547712,0.43999278668756725,0.2700145166628493,0.4503438614077507,0.5629571774902367,0.6044725753443249,0.4099115404002552,0.30746952083151474,0.3088921905172749,0.2650582939673492,0.5139942406448264,0.4085850688609397,0.28103573068929666,0.51455850122272,0.6664636673287503,0.2972647496159927,0.24400527404185082,0.4557918849348048,0.9637589121594364,0.22358373025293174,0.25004284544580724,0.3006256914326968,0.2841340554423434,0.27312882186767107,0.5831157466367655,0.350616813108637,0.487833096612949,0.2634716800108763,0.4169312380903543,0.7060966188361297,0.5217993846014216,0.5532357640595076,0.4433234231956448,0.47821567709183777,0.22047895342032867,0.5466986323197368,0.22202880419045787
U314,,,,,,,,,,,,,,,,1.0,0.42972224455518937,0.30772248793727475,0.26725099397699104,0.12043310889944984,0.12711522585326482,0.32000628552484406,0.4134552369195434,0.26728785783817594,0.37202171571329523,0.5452143845333708,0.24330919993530045,0.44431784737094415,0.440222193213604,0.722544072028621,0.09461343681033076,0.3229776068889649,0.5099417042710195,0.15340276610055023,0.24795083827238276,0.1585018067415066,0.29277581006825304,0.3566097250735361,0.36388758760349316,0.24930040945550677,0.4722378873041186,0.19047397500518579,0.30254319080274755,0.33653118001907695,0.14167193193475136,0.11956756067462775,0.31562248990305924,0.12254633677106778,0.34886601859527533,0.25148628460892736,0.4776180363711216,0.5006760358980032,0.4830158223325342,0.4519182601013125,0.3417975052266502,0.42411488154076604,0.3685955734869358,0.5318668686547738,0.12325298771741101,0.3754932948284408,0.2125462416022961,0.248900044264423,0.45755360395801575,0.44429830614557114,0.32399078230005024,0.14427507142829216,0.3059392003245471,0.2533427952144773,0.3581701133553422,0.29152977085237625,0.2911720453336173,0.4380372805500083,0.48713034713772213,0.19686559083003136,0.2936317161734675,0.34527161833418313,0.492918754714013,0.11435688616476088,0.3040017993006331,0.2080323539219255,0.27867509522883605,0.4110183386715644,0.32581691930339446,0.3538391516141835,0.4026646606807147,0.18536557755956923,0.33875435222092265,0.548796178499516,0.44806472847204887,0.39327820313182604,0.3649833139522247,0.4114386450959264,0.15646230853151896,0.33337495374928944,0.09685907563485191
U315,,,,,,,,,,,,,,,,,1.0,0.4034086818462305,0.27487231586581967,0.1828336481752608,0.21364257480798252,0.44549704798851386,0.5138184966538938,0.4065103690214704,0.3243592983428875,0.7012123593735556,0.4410087786933868,0.6257255968435594,0.5284265035465924,0.17078370929130737,0.11720182928410745,0.33037891924468094,0.7240762368931848,0.18544658906963785,0.3237333862963446,0.2662712315228992,0.6500394480050967,0.3987769933153496,0.2904060410291741,0.4130357412693304,0.6209503182423644,0.3559810149398531,0.7448312509662104,0.547322918939124,0.15751681012476557,0.1851381110127055,0.6085720575638365,0.1783717669491274,0.4448711027200478,0.33687677383146425,0.5303236116033876,0.4816215524162033,0.6426782871166032,0.6933811467459586,0.5484991996408218,0.6331789318778416,0.5663531068607384,0.574647490851823,0.13348693183621446,0.5460466620067651,0.2451569689990622,0.3543177287906055,0.7171363222913062,0.638504513919535,0.5743752804055464,0.17988012381453064,0.549089181531375,0.4205640288015673,0.42481262236128897,0.5266716435339008,0.656716556690826,0.7782479241252889,0.5891204964625819,0.3421072079869715,0.47526607852467756,0.5666115817337188,0.46132625299753854,0.23137881988606698,0.6118838413006368,0.36396426959574535,0.5986422294851923,0.7052480647274327,0.34850336589025477,0.5687625230790451,0.5378948612917195,0.24213320426765506,0.4795173170838679,0.6347375076494566,0.603050429631649,0.4572910286662822,0.6554821643745817,0.5710188338784522,0.21310072700019425,0.390708011814113,0.13739292329241537
U316,,,,,,,,,,,,,,,,,,1.0,0.2181005541366694,0.11435426779742953,0.2581297080685796,0.3143690083459968,0.3919691195714535,0.678964961381663,0.31699579410304546,0.42519855359077574,0.3350536751798571,0.545160053261271,0.4266375530916829,0.12302579612077222,0.23752969533939716,0.2515154275457187,0.4137116089988564,0.13411405506065677,0.27146696586232,0.15316947155000016,0.3110571789948318,0.31192826392164746,0.24406733224070373,0.2879898356621809,0.3943640983806787,0.16997197523346186,0.30994970052953325,0.3367984074600548,0.16031996856804068,0.09792506120548633,0.3790031715454317,0.21784718241874215,0.3098900179877314,0.24502863435012825,0.4260274952514321,0.3767575566540761,0.415174550283684,0.3633722133138221,0.29015516844308126,0.38502660548254436,0.38982295040998316,0.4539217050474586,0.10028005026391444,0.30732506252344277,0.16850604259160695,0.22056458441682406,0.4094816480360598,0.3918628261343776,0.35156896130226856,0.16628510627508974,0.3772300100624071,0.253736146236889,0.3196317464204596,0.28521570898963844,0.29189590799357845,0.39799587363404765,0.43283713784070615,0.239323615280319,0.25866216830500943,0.2677681459426408,0.3685302278149053,0.19670883547852008,0.31097843706224465,0.16544773169871077,0.26349691945267095,0.3333368597072737,0.2581489058433633,0.2926985325839836,0.43860546574024445,0.2621823226144511,0.37893142671519453,0.4653179465024806,0.4346522649159815,0.42219344254560265,0.3743093124598515,0.4157314783084066,0.1616682755600959,0.3822682764587234,0.12105565483474486
U317,,,,,,,,,,,,,,,,,,,1.0,0.07543549060550943,0.1865848109266204,0.24126414250558834,0.36410549850373275,0.21126552325066214,0.1875576065226594,0.3160972255250205,0.2517711835210654,0.32488146682328695,0.5035598231443855,0.08192598313214902,0.06016346687543759,0.1434641191158794,0.23774762910685404,0.06014623047159655,0.21650778662274053,0.06788288169785672,0.1926859768465807,0.2169943272178716,0.13053463783350372,0.2507333104679327,0.27383132698977425,0.09900297729060585,0.17665190906602274,0.21985235515923016,0.07601290674165401,0.05306804111794199,0.2072950421130733,0.18785835108747617,0.2826989973731559,0.09941737829127525,0.2527267260856592,0.22156025953955405,0.28507403506581863,0.21607936280574946,0.2061540498201723,0.25216646849563457,0.29222273663625065,0.29565522176882914,0.06390336271816119,0.2182342630238637,0.19280209783291413,0.1263916085860521,0.26199139126142634,0.29147551154061085,0.20862783434053464,0.07042833873969687,0.29742704305472134,0.1610233170238149,0.2575768220313395,0.716486173924592,0.1810943529134298,0.224295530352731,0.40187087779677594,0.19727605545710003,0.17228585653049935,0.17371855016970184,0.20872589277548953,0.1906480556759978,0.2331277209398861,0.10213547306621386,0.14976317291685867,0.23009039665744546,0.1522067134869904,0.2064710210640177,0.3224068291564815,0.25688089686769855,0.22619535590158502,0.35863839757750715,0.2770015893283146,0.35872781088390765,0.3015813040271022,0.7239895391679996,0.13286089869259585,0.34038594357372837,0.0408102488405602
U318,,,,,,,,,,,,,,,,,,,,1.0,0.1315436727688627,0.30450229861748257,0.16422730479854503,0.16442126185663677,0.19658513073228456,0.24411764601396926,0.26118342549358653,0.25393742968008315,0.41144646744660557,0.2996804950851817,0.046067287739756574,0.11099760107779383,0.1963561185164363,0.04720315706465232,0.1991076404751737,0.08332780550073761,0.14625211584999387,0.13089160245668624,0.12003387797465019,0.24445211955483775,0.19101714920351115,0.10856067137804055,0.18478208079467848,0.18651242761486758,0.1414181137899586,0.15256109001101642,0.23128415177510797,0.12313497510131746,0.1732800256192174,0.14446851175848038,0.18901253664087792,0.18070040803092702,0.18805761650844602,0.18785421735713945,0.23423234704360668,0.280844836934228,0.17663609856096854,0.18771731414549084,0.05559633506763399,0.21770131023745548,0.12014471442098677,0.1868314466086673,0.20750272790003083,0.1620046256697393,0.1916734218870982,0.1648827515069911,0.1937700557300855,0.11813739980306565,0.30045181426303336,0.1573609137921321,0.14432052343398669,0.1893905837161631,0.24636409064954815,0.1404296410084659,0.14179175033764038,0.16076305457394524,0.1527605916859812,0.1601351750070769,0.16003284506101614,0.10876740721766769,0.16467983167603176,0.200500292112025,0.1734778530527755,0.14331726527945712,0.18804721469684113,0.12694605566377584,0.2016373809723233,0.16791915672007582,0.17994199121614715,0.16826497862728845,0.23660490567745845,0.17066875671192128,0.08570455184898515,0.2292255607676727,0.11455491929592979
U319,,,,,,,,,,,,,,,,,,,,,1.0,0.226421369357796,0.21510416909185495,0.20654536839453136,0.14268517351852697,0.2480679852279401,0.7662414149662662,0.24665063030406423,0.260489876720241,0.09620345037909098,0.2981609816776233,0.1303207557327626,0.15937286217586705,0.031012680115703593,0.22822827418272745,0.0690959761233071,0.3272690196021979,0.1924396675104871,0.04409438135314289,0.7062010940401013,0.1361938228549632,0.06938627622982521,0.17944405369850633,0.12731392163490687,0.05502367267336503,0.04667725861834689,0.3030636782293382,0.9619542684031053,0.09758943679845881,0.15995856580845724,0.15366504996822666,0.12124637743890725,0.26686259847716964,0.10817608550673172,0.11991578473294993,0.2935579361743247,0.6156531248242201,0.17204881894600962,0.03703436541965565,0.1069222177137613,0.06790799920768587,0.06340595804872756,0.17083323864937405,0.11407590578127134,0.19148050999714528,0.06763850503502024,0.7383239895406278,0.15258035826271368,0.2541856082609566,0.29171284889353116,0.1754042231795274,0.23612049620165965,0.4941713070477757,0.6052322216897061,0.13355115517329072,0.13429838819597179,0.12004741261068431,0.8839374914846923,0.17630488055014895,0.08390923921526515,0.13380373351145902,0.4016665613474603,0.07263470902137614,0.11630233104948758,0.5239471832076185,0.9286886604762786,0.32042546773938174,0.20306736584475235,0.2612167633635298,0.7378407947359605,0.3002518932901598,0.3840585409343436,0.07452429179550679,0.4129559449753836,0.05264816198490971
U320,,,,,,,,,,,,,,,,,,,,,,1.0,0.5520848952418558,0.4523781916160949,0.4455982430931625,0.5152137193594652,0.5872886925166515,0.6082767867304293,0.5986513264492875,0.16063645244091132,0.10257688197314777,0.30133704277429885,0.48796686424153096,0.11895261782666104,0.5639215728424408,0.16147935876783837,0.2812981883287549,0.3814005899441839,0.3757690202299266,0.5410250836263444,0.5209235247099565,0.28718844217474765,0.40713930925838626,0.4519388433952335,0.24748652254789255,0.15528621197265333,0.5523154267430614,0.2307743980080692,0.46472438651242226,0.31594475216851653,0.545870023458932,0.4928204760056832,0.5055523335097789,0.478573218610417,0.5402805595632191,0.63442237084822,0.45586144377485144,0.5186866674885003,0.1514923047854002,0.43852644190391465,0.2778232255150611,0.3239788506479178,0.4952407038880497,0.4330928391754085,0.412149047533645,0.2738705158507191,0.37039896505203623,0.2666407350649308,0.47623790916941067,0.36220152969843794,0.2703699788755602,0.4364401667516676,0.5955555694311342,0.3159074771049858,0.24395788516673503,0.39712325574876783,0.42637381030667837,0.32565313098309,0.4057659337698148,0.2570029651203764,0.3575112522795147,0.4027012643360544,0.41281854773066956,0.38464730094109706,0.504634179102185,0.2907015280512039,0.4772516401506723,0.5343090455914492,0.4803361153446154,0.47782201995355983,0.5677702476098445,0.5089964936881465,0.24263771501277379,0.5837499152606623,0.1792882912741864
U321,,,,,,,,,,,,,,,,,,,,,,,1.0,0.46684935305573216,0.3891996619857724,0.6326338682917927,0.41718204520668395,0.7568194172085397,0.7921011622807771,0.15624108710564918,0.08518719673164862,0.3258008463626955,0.49510079221167136,0.14530334279554863,0.4388594586362353,0.13655249733054697,0.33098374529574087,0.5906579384625074,0.3346200578946996,0.48702769614695124,0.6271597017181553,0.29029256445275636,0.3642213774195397,0.4985405354980654,0.17742524625484427,0.127201147912432,0.4562280559296551,0.24307637725176803,0.6246113088237675,0.2452800255426742,0.578524732027694,0.49928194345556803,0.5581021532718708,0.48749705597145276,0.4586563309068797,0.5038632485761821,0.5705763872392905,0.6677822666075067,0.1747467635047853,0.48042242504755156,0.24805709213258867,0.2807931903299724,0.520591158125834,0.5490768713540126,0.4336824540989223,0.14437777448873543,0.46740998240870574,0.3473477295435554,0.626336479257878,0.38481505959876494,0.30582012525703617,0.4528523517127573,0.645076569227727,0.3134175425320298,0.3015921735699199,0.44037361858562457,0.4789254694334423,0.2236039127974862,0.45145230109995316,0.2384823543806535,0.32879818173758046,0.46265953823674594,0.3707952688714021,0.5141523017401867,0.6583478695811616,0.370365021154417,0.469458252160998,0.770778482331286,0.5841971357104696,0.6887027138614202,0.5913102632937209,0.6822660774778014,0.27275422011373884,0.4646139826303128,0.08355988035761747
U322,,,,,,,,,,,,,,,,,,,,,,,,1.0,0.3181942041104152,0.4761070380179614,0.3576572602480715,0.5437286256508469,0.4742285474158889,0.10836590563782234,0.12243259831088509,0.24236548629415625,0.43365277865353546,0.10201840470852931,0.34449900975663483,0.13496416576868103,0.32539328807723156,0.31955176761481774,0.23847229746127602,0.37104077907684224,0.4484237018056778,0.19816624543685438,0.3412349436708617,0.33181077034916756,0.14181479861209717,0.1110879905268076,0.37484912197214193,0.20247068128940957,0.3624272105645757,0.18577375734040485,0.39351572998766177,0.3717927254448896,0.4137649175396708,0.4005341589189122,0.3712684511080314,0.4373779477209383,0.4071731079611129,0.4465336104431506,0.10155001471515825,0.33657788403549393,0.1808392262665603,0.22859807074160063,0.41950556788508964,0.36658383647930803,0.3755206800941092,0.1432972785777553,0.36571189697269807,0.24251892796251767,0.3595595287330804,0.3468029653687863,0.3153617139178583,0.37701911448694553,0.4711907466650385,0.2621567427954357,0.2500916062421763,0.34014489038970397,0.3643428664907013,0.22300298990687756,0.33039198358406824,0.20594257927401335,0.32366302496458366,0.34745518849763163,0.28814736652014333,0.3337034111353802,0.4172983682842277,0.25603112608564627,0.3325809436012742,0.4643293269009949,0.39343417891421384,0.4075986947946978,0.40045160238586347,0.4133733987378459,0.1610642190479349,0.3428280776556165,0.09434297371597607
U323,,,,,,,,,,,,,,,,,,,,,,,,,1.0,0.48746069616819043,0.3476151720380919,0.5382976688752273,0.503187945386623,0.1778020099139073,0.14101324968950754,0.5224916408962994,0.5127904729179625,0.19890936194639783,0.3853794979433491,0.19966717459702696,0.20927618369268253,0.49018800912900845,0.6603835450475359,0.30834513827937954,0.5484887565263362,0.3233401794987958,0.2564531711548412,0.4852171410656046,0.7831569750518544,0.2406390364568806,0.42179989135071316,0.18472140303106882,0.4023899354541734,0.2153641653110515,0.674315547381973,0.7504182802388805,0.5556531126808225,0.5071008156357331,0.567719184028758,0.5303256626363024,0.39707568234772345,0.7364105158690987,0.16218015307255915,0.5210419474843239,0.23997368692540647,0.7315925810265522,0.4437764003930869,0.5240429167360602,0.44839713452806335,0.7952516660889831,0.30951746591190366,0.24565274860790612,0.4947174361180085,0.3421750733523204,0.1886004040069763,0.3772052556026813,0.44966658311047386,0.2107765961790598,0.267524434984098,0.3210577794952349,0.7823532908043613,0.17304259618827753,0.19404193621862006,0.21552147546877332,0.2198295498542401,0.21612352799997245,0.39201625460483336,0.2780707551865245,0.5066243674962914,0.20266713388851956,0.610655384779167,0.5440656497353206,0.4786028303530522,0.4426541040380572,0.5214866088427362,0.3713657876801834,0.27724142064521556,0.6236821616994255,0.6652981254032826
U324,,,,,,,,,,,,,,,,,,,,,,,,,,1.0,0.40294901907195824,0.6868533909432022,0.676099441199383,0.22894866700103858,0.14084985615583073,0.42702821650278144,0.7951425093491281,0.2255682293880152,0.3747689915926587,0.27695430850444197,0.6726461121581007,0.48521313274014966,0.4295444187353956,0.3912624473209471,0.6243023538923045,0.27259587731223806,0.5754169331035767,0.5473153955410409,0.2108651037522432,0.19910447602651593,0.5444035768517935,0.20290707471648226,0.4322054872539802,0.3113388842051631,0.6100759675849018,0.6276393647179944,0.7182769534001155,0.7063000154803524,0.4953227686462691,0.6729394896061406,0.5649376274557746,0.7051936417358345,0.15765567733084468,0.4817207571504528,0.2645017487053813,0.3621061896484461,0.7616198061199092,0.6808508514739023,0.6106229633145159,0.23359876100914592,0.5998713441298364,0.4508167120353523,0.5032483017923906,0.5203983145395374,0.6733772079294058,0.726885792253606,0.6566157692935085,0.350316089721897,0.5401129281267024,0.5159174903129247,0.6332804641613261,0.235330539848425,0.6147378816027512,0.3463026441132397,0.5338629764624543,0.5809904659936358,0.3599955884953831,0.5334254105259205,0.6231688079854215,0.29667434634495976,0.5449490900594248,0.7989570998654811,0.6967222235012507,0.5648433859286675,0.657528196689375,0.6394788834148107,0.26032261426492487,0.48022538816247223,0.17862652418260952
U325,,,,,,,,,,,,,,,,,,,,,,,,,,,1.0,0.49896327601836804,0.5022398341539311,0.12718620427555571,0.06461972242585273,0.23752129687507856,0.33288288785570314,0.08221787008535247,0.47719690756204647,0.11318051590739353,0.32041199316583807,0.30352707744569707,0.20576052361195937,0.7906461443643655,0.37511720937868226,0.1999445480264602,0.3600002864908999,0.343560041950049,0.20756363116936905,0.12329142625598948,0.49857323043365526,0.7961933150592985,0.3478983927302965,0.23288790650977603,0.3835331281088111,0.33624477222701993,0.4223167066465924,0.31071398169287484,0.3753653246799381,0.5462899397746506,0.6464573807725528,0.38317523939108455,0.09938071547940047,0.30523702623714977,0.2166658727715929,0.2305162600545118,0.35184829446268084,0.32713168131870884,0.3106887116767249,0.22005828145200643,0.7014617134488637,0.22877829879352102,0.4376324913165782,0.37744593446615504,0.21798975208540353,0.3743436771220607,0.6704479686788689,0.5971137521359314,0.2220744839711043,0.2740175661196978,0.28353125130421725,0.8199711858455477,0.3391172403118241,0.16722084285326283,0.2505654636128956,0.47143902527350634,0.28219292767409376,0.2796316802781724,0.605470708142787,0.8162841431879612,0.4618716566234882,0.40307990482730155,0.42656821842827025,0.7475442216511519,0.5304461292866385,0.5049141071707027,0.17727004806883292,0.5835259550038234,0.15148295778394072
U326,,,,,,,,,,,,,,,,,,,,,,,,,,,,1.0,0.7791400666143955,0.20063134384702605,0.13409608098983922,0.41377035366324205,0.6329865529520301,0.24958058762815863,0.5013549030472294,0.26384344227317186,0.38903500791064816,0.5102017718549632,0.4247971399151755,0.5449380741507724,0.7902659314198544,0.36833740814815635,0.4752606214942985,0.5898808694001926,0.32317207681072646,0.2076022489452751,0.6082333765536946,0.26455281980763745,0.6058220120513418,0.41381191956951213,0.7386190374357674,0.6448122527541262,0.68295517843455,0.6479021956770972,0.68855032208529,0.650502621742427,0.6000005274276161,0.7617535732068,0.18572432681288326,0.6911862003818868,0.3138580590218819,0.47166951344184666,0.6302646598520466,0.6622328626572984,0.5455153072467429,0.30306237289360294,0.5505476685634767,0.3872426591133979,0.592914469310998,0.4772019225353826,0.38191599348212885,0.5815357430732966,0.6807596935831616,0.35828119740848724,0.40436216868932445,0.5673103171522883,0.6000979245776559,0.27307296781273344,0.511248526433152,0.3119399613600308,0.4796684679505004,0.5617651695784083,0.43322168809106026,0.5791694639996031,0.6792865971411369,0.37018859432441376,0.6092996595436222,0.7744747168558903,0.6985603035462942,0.668869040654125,0.6333215670593929,0.6703803781194795,0.2756012272710327,0.5493600183067746,0.214680724922137
U327,,,,,,,,,,,,,,,,,,,,,,,,,,,,,1.0,0.23591626544379263,0.10791673906817462,0.3560833370568741,0.5208065271794048,0.16571378966603217,0.4910070216465534,0.19223714790309374,0.3447196954644127,0.5804566780772852,0.370831235527918,0.511029358056764,0.6587471924982536,0.2887182301111269,0.42517832917828025,0.5497277994252916,0.31895950361306497,0.19172056740774204,0.5530366116062295,0.2785242903998074,0.6373447860004633,0.333861216833471,0.6515445276106525,0.5396276343284074,0.6211353527024411,0.4966249994690407,0.5411440093955172,0.5723718243873352,0.571589021808583,0.6934815983768978,0.1666021382464961,0.5814883074272149,0.40219872243090454,0.40853311625230276,0.5845048063271003,0.6268859283724971,0.4825515534103284,0.32090661759136585,0.547323143802178,0.3727093102318273,0.6212642594514213,0.4340126245912963,0.3245387798161892,0.4903319429964752,0.708365509273443,0.3327384020712135,0.3735575797424419,0.39679963568823484,0.4760325696075563,0.26732029437523463,0.488861533320582,0.2237508689755124,0.33043575853231905,0.46865318093324293,0.3635290704436386,0.4877284533074104,0.6898828174662563,0.401112548945735,0.5967047967421212,0.7747424129604313,0.6696883467461018,0.6819945167945347,0.6888232956305663,0.7085323040263195,0.3169465853137902,0.6021035228827213,0.23265073783695525
U328,,,,,,,,,,,,,,,,,,,,,,,,,,,,,,1.0,0.1030344969905256,0.15273511510746007,0.21707719726933436,0.08885375672311188,0.14632147387318986,0.11209927726508777,0.14169662681733594,0.1879222239424011,0.17132628946336698,0.1760646391454417,0.20074097707534713,0.07897875329861052,0.1345804430930868,0.14983621344580786,0.10187427046703477,0.05844411265792056,0.16445152214763717,0.07936016387751572,0.1394461602191886,0.18515747397897486,0.21112567426364265,0.19783525638859872,0.2025175146173042,0.1902838620600369,0.1862226950884503,0.19346026123286958,0.16194990131296622,0.2172311784133453,0.04815458453483297,0.2439322340236455,0.11895093402128348,0.13927583017153788,0.1915697692400716,0.17046932863704853,0.16234517033102763,0.11505616740999942,0.1440738220740743,0.11469032612736511,0.17922347667647096,0.12815101758732808,0.12029946097237,0.1863413778262479,0.1894453644060628,0.09823420089214704,0.10041230769332199,0.15248426589077907,0.19433775963604813,0.07209831865386546,0.12639758515102686,0.09199571485831633,0.12558744648464198,0.18127680010210506,0.14194047738000098,0.13845467809461245,0.17414860558986736,0.09118743773197502,0.17717970080077214,0.19705122151027582,0.1863177070251485,0.16505720391622317,0.16678235742092,0.1577580777557049,0.07353677967963468,0.17831438722074716,0.08206421346787046
U329,,,,,,,,,,,,,,,,,,,,,,,,,,,,,,,1.0,0.1156555553869947,0.1314675491443598,0.059537319430920686,0.1768568302854419,0.06033328855080799,0.12418230956455258,0.16122313529541696,0.09419698372839298,0.03773170157847569,0.1681395094630721,0.039734777879932306,0.04856177983981988,0.06419468195458806,0.033678115888037506,0.018912415486323095,0.07621568375828021,0.10757989126287364,0.06248354997400203,0.09724412269659863,0.165596725794491,0.10933237414240293,0.16539517227032383,0.0902776216661838,0.09147132495823766,0.0965192664748398,0.19426752789740787,0.12192136532907075,0.023300633303967908,0.09953118983609381,0.11049599613401123,0.05925696622152548,0.12042434318651773,0.08882162675669236,0.2844196040309375,0.05132753571691628,0.1522445026666657,0.054324854901306695,0.10218046222563133,0.061797482413618,0.04853107171834436,0.07708142637600858,0.12734146355584905,0.09376143049099471,0.04899313600449496,0.05891186673096787,0.1941222107805262,0.007905878909745137,0.03704489166680747,0.0376984281475524,0.0408791410754078,0.06931244093589446,0.15128736157594289,0.07048575405817625,0.16694488577447059,0.04850234262458231,0.07994481488907439,0.11371377573182921,0.09400083602525473,0.21233873054412605,0.059009183975703414,0.1647207474974669,0.018620782265064365,0.34750842195006393,0.015201296851898975
U330,,,,,,,,,,,,,,,,,,,,,,,,,,,,,,,,1.0,0.5080336588649147,0.1959946461608586,0.27473566368151014,0.19205235345025898,0.25682233316953457,0.41030179406202677,0.47475717775315035,0.2115414322712447,0.45926267457380665,0.30739806730287456,0.23019870213817772,0.3209487413609878,0.2846764667821619,0.1272411280728324,0.27316865103105503,0.1408652751497071,0.23930053179130337,0.20002330529233167,0.48873217678494757,0.6012175856896884,0.4628048805101542,0.4721173542526091,0.3632174166742617,0.4006121800914678,0.3423232083787048,0.5559549877346996,0.1287129457945722,0.3491015852570976,0.17012369275116562,0.409960169597821,0.3924493142139456,0.41034054264483416,0.30647562353361574,0.2760991098168926,0.25677692664977503,0.2043372940613537,0.345698086715826,0.3936613092016776,0.23519800467348217,0.38728889142960937,0.4040547696335001,0.20570290253119036,0.20921295776751936,0.34668813526650294,0.6064667221814611,0.1353189520765523,0.20175102704628983,0.21265505820593267,0.21305981051463316,0.23000060600534547,0.33393779006243873,0.27938707694654186,0.36859396630247426,0.1790669006482455,0.3404807911473778,0.4775354277097858,0.39073760651254874,0.3656884368377507,0.33464090115721634,0.31649546693769487,0.1621912940440935,0.35062676094217654,0.2193487880566239
U331,,,,,,,,,,,,,,,,,,,,,,,,,,,,,,,,,1.0,0.3139081397020635,0.3832254279541995,0.3940296048137634,0.7560137963984055,0.5712957264444958,0.5298917643100527,0.31337566235088365,0.652090790853273,0.31573740105799925,0.6751332425240062,0.6040700840038945,0.17744479082652279,0.1967743364117774,0.565748363471719,0.1176858291458945,0.3730158963437449,0.36077076268426583,0.6466945210731542,0.7170351151276472,0.7885059161377199,0.8521419229797924,0.5308712305222659,0.7605488443420119,0.530017559442272,0.7662989738964082,0.1863416931588239,0.4754637790618246,0.2557848383366307,0.37830179006462755,0.8839641605715756,0.694018959972442,0.6623247169556814,0.21762885309236857,0.4985389015792143,0.48454283855956426,0.488346317132866,0.5749795418311417,0.7714016905138729,0.8430678344568534,0.6567193021319007,0.3418028118521619,0.5431679799375022,0.5732772000578062,0.7458477100528381,0.18246970988257694,0.5993870501903779,0.44138654165788915,0.6568785675914802,0.601599057026056,0.534664603393419,0.6052811329974978,0.5664959965236454,0.18753463218706187,0.5227165485178108,0.7595711745060378,0.7204967805060122,0.46447552258059377,0.6367036558250813,0.5735107899235766,0.24549743182396636,0.42060232976718176,0.15289497410223862
U332,,,,,,,,,,,,,,,,,,,,,,,,,,,,,,,,,,1.0,0.16344544053767157,0.1846355365313519,0.17861610831564612,0.23843325199056273,0.2181964919178074,0.08994380476856838,0.22122315019880318,0.08143439165124296,0.1458576922264687,0.2625195106499578,0.08164494360234538,0.05801741343869624,0.14301445056717285,0.028907980055154166,0.13201432942284608,0.2891049129552042,0.21941396433561566,0.3686003634870799,0.30489825213622945,0.3467425469037077,0.24318351880462166,0.22857540558860334,0.14810656442307463,0.2646663084585697,0.07732507012340177,0.17560538713435633,0.08287789300222252,0.14066852282050077,0.24606880489683,0.30281868600906814,0.4632221669033871,0.0976508145458628,0.12868347285079315,0.202980901357142,0.3262020900094547,0.1545041573422897,0.16327913133752955,0.209894878576974,0.21662164358726696,0.09773447396476993,0.18217478629456413,0.21245841039732494,0.2538594071202802,0.027381460603620515,0.12372068663223316,0.12373102123687954,0.20099475049282595,0.1536509885020423,0.32112736982530976,0.1898891070384617,0.1401583820795266,0.05114185805859443,0.12194417225217771,0.21841411396849222,0.20164414303376263,0.1421007347889301,0.15243482093853755,0.16350327361874376,0.06940241432634892,0.1986156615573281,0.05075994488780056
U333,,,,,,,,,,,,,,,,,,,,,,,,,,,,,,,,,,,1.0,0.17632515135753876,0.26932877014683815,0.3528376752355223,0.2984769233742546,0.4750728838105809,0.42976854220078814,0.21357136692595866,0.2974449782381918,0.39011758882439035,0.31794047399279307,0.12684262510406066,0.42131378190998553,0.24459771379849135,0.46256365655092335,0.15885751470849183,0.43754099787077355,0.35743717232533356,0.43964215797137923,0.364082505010214,0.5018216762043568,0.5289072552180882,0.4386849971594466,0.4505495357540744,0.13931382337080014,0.3472511836833802,0.23386374005560942,0.2867260625877197,0.4075886449271223,0.383962278302292,0.5056269464203148,0.2758932909206626,0.39077325361509285,0.23568404168416987,0.43091559542644076,0.29205007959297175,0.20336481074075588,0.27880631676222845,0.5213186612141052,0.3368298941644636,0.23481220190231133,0.25511970271897555,0.3225803463955097,0.28952008698233117,0.2692402254436584,0.18790127135757534,0.2743130474468669,0.3118711326650991,0.40730305675428624,0.37889705859238004,0.4304838578972229,0.29860964845110805,0.3570249688949638,0.4398424889942871,0.3848326090634908,0.4503363395233217,0.4330463830892962,0.44273112059074166,0.23386717724049177,0.49989990973069387,0.17630294270379257
U334,,,,,,,,,,,,,,,,,,,,,,,,,,,,,,,,,,,,1.0,0.34088230650680784,0.2589932322811651,0.20514559251104234,0.12876552841916208,0.1946452448613834,0.10934672635663573,0.2717358097217244,0.2504511943943397,0.1678980686098285,0.18654674741697772,0.232040328081981,0.05026508153601565,0.1489335959522262,0.10714482125737744,0.19533288532047735,0.1940349027890455,0.2740501863868247,0.3068562080679901,0.27411414474028384,0.3615977488697431,0.1909322267422925,0.2613301087775478,0.05695511770814075,0.22811830677252987,0.093243689190225,0.2201909608743202,0.33503552451863206,0.3609783264160266,0.30857318032827075,0.23207179404961978,0.24824685035215002,0.20302684192401066,0.19271253786689263,0.28983642661567477,0.3345534352013932,0.31912262038992967,0.20440808928631693,0.1495827275841296,0.3314896105362774,0.18378037693669425,0.19952430125055184,0.0742940607388847,0.23544379082351172,0.3038519291814177,0.3696463900881467,0.34305161033864046,0.20594870526284378,0.3842082110858977,0.2110079838487,0.07907017466561822,0.23354282268167414,0.22861971317434082,0.34006451162319734,0.13764829523124156,0.3017265140636203,0.23723928649430986,0.09709949207694175,0.15671369791376807,0.1390550760925411
U335,,,,,,,,,,,,,,,,,,,,,,,,,,,,,,,,,,,,,1.0,0.34901301436585297,0.21281823159723884,0.31001386946469944,0.3024179513143348,0.16557147321243446,0.6532346403158008,0.4682636254427244,0.12032583216813691,0.14016000518394436,0.5183074386983777,0.24795837342298463,0.20828066670719023,0.12112015162046108,0.2824565307670045,0.26007518752849035,0.5429380038438374,0.5989412131228734,0.26534884962669636,0.5891578079195241,0.5127303060365204,0.4104322291532363,0.08216411064714342,0.24988600005671588,0.1447201934091522,0.21857272108218562,0.7623786457969697,0.4688197137512012,0.6691526404756428,0.1686212019513976,0.6997616116716336,0.5010207096177983,0.3213564899742605,0.5600251817330786,0.9452275191567768,0.7301299409573281,0.4676275549730137,0.38595214239938047,0.5711668868347243,0.34103168212766627,0.31207844269790685,0.3232711422738121,0.6345676502372728,0.3702135973372317,0.6855573111755002,0.624631835165436,0.21998694411665878,0.4889974371339762,0.4681464679741715,0.28524692511883964,0.41849178568552514,0.47277062568651934,0.5762610571801462,0.3768643984721737,0.6140428959125859,0.5008069270318887,0.1795352201426704,0.26267588086768434,0.1425601423384087
U336,,,,,,,,,,,,,,,,,,,,,,,,,,,,,,,,,,,,,,1.0,0.47537999953663973,0.30106739734124904,0.5064750929245528,0.22038644863032972,0.34844611001076986,0.4009812104217182,0.28359977023500504,0.1398747308678979,0.41881094746659625,0.20466015785263317,0.397547453160636,0.3297632042885246,0.5759589400579334,0.5466301656997088,0.5182642051611679,0.5409425509714356,0.41642393602856953,0.4843291842000566,0.4644053585581545,0.668503856993603,0.16343965676909647,0.4227718719362562,0.20681241809472545,0.3612223586218296,0.5122241662209703,0.48752487040165915,0.4273457519364053,0.2935720869593178,0.3525253822059587,0.40399909555812774,0.6002734007479865,0.3872829165077713,0.3019854551713658,0.5007603454149819,0.47783183250921485,0.2555682475304043,0.30115001445581024,0.37858155508850283,0.5539833223999223,0.15994864842882484,0.3247408425539906,0.23910648080484823,0.308545490899691,0.3509175928631871,0.4031684642783345,0.3832342972125789,0.5827432143378264,0.2594215171678578,0.5011281822149901,0.632839803729594,0.5920636847171147,0.5057632044825159,0.6114853332762692,0.49268611741500884,0.2565608601039422,0.41295605978005984,0.21420562601815582
U337,,,,,,,,,,,,,,,,,,,,,,,,,,,,,,,,,,,,,,,1.0,0.15968186622349306,0.4830393673373679,0.2266497421969111,0.20555218044647147,0.3260541405360188,0.45301544610338457,0.15983778128712844,0.23913662214376244,0.08184492125940794,0.34582731936256134,0.17121598773869467,0.5842251525145039,0.6411034559397896,0.6303744436215138,0.49290735045013767,0.4669951337218393,0.41771660582076453,0.30981174139792217,0.6254151799091542,0.18721877867816203,0.37507882046597096,0.18168809309658715,0.436137289337877,0.4052838350945797,0.43624878077149526,0.33104334741471875,0.4008192824510921,0.1920329297068138,0.1926299129203112,0.49613908260485623,0.2626051371423809,0.185566186877095,0.35231052326097767,0.3813727351059766,0.14855722893335502,0.25721862751061464,0.30147483993346935,0.7051188943920425,0.052767902234955706,0.14918963302928104,0.1984591527148756,0.2005691312670146,0.16985008082442868,0.39375223130526826,0.2489194621205676,0.36177978105046626,0.10499951439571262,0.38092786093633657,0.4675771464175362,0.39905233779146343,0.3227825807415642,0.3209340794116704,0.2826035863199849,0.1745619351215127,0.37047922076921613,0.3227258929006448
U338,,,,,,,,,,,,,,,,,,,,,,,,,,,,,,,,,,,,,,,,1.0,0.48761214886277554,0.3011277327154672,0.38686173397072077,0.4010694295244958,0.23963286036564652,0.35292829637104334,0.5738102129031022,0.7571952818066486,0.44743617499360583,0.4067568516559272,0.4123980155259356,0.32525583187026536,0.4450114083534093,0.3329697054587383,0.5262005615331873,0.556491720309662,0.6645818837689768,0.3990661611927045,0.11671611207977999,0.5302422308421073,0.2063216391260735,0.3078944660504777,0.3604506351255696,0.32676834956167605,0.3412921336906848,0.2583304080302785,0.6989995992259714,0.2635346328665201,0.45579005786517474,0.40619488534174836,0.22334494667685106,0.3856263162774138,0.6273619406696712,0.5895200810972904,0.21490585992777628,0.45368409850334424,0.23121028322683468,0.7703900295714425,0.35511601291840905,0.20447015819105796,0.32514852441592806,0.5985958440381588,0.25022530410998517,0.37232541531671065,0.6420290075230758,0.7766594608062682,0.5376139763088312,0.43580374102807606,0.4299799662104458,0.7444798640806717,0.5100360252080595,0.5443079949543403,0.2219168826365724,0.5215868837476498,0.1781870939653205
U339,,,,,,,,,,,,,,,,,,,,,,,,,,,,,,,,,,,,,,,,,1.0,0.4353629423378391,0.4425936897722998,0.5829770123719743,0.2665810336435354,0.2642972200951298,0.5728066274462258,0.1695661977992097,0.5793320601154873,0.4658163066736985,0.8442977202287358,0.7395769450893167,0.6992720206314771,0.751612729633303,0.7242655126688035,0.6324197301465728,0.5572759592237975,0.8057159544288498,0.20545084035494202,0.771679191401367,0.3996246397775744,0.4913938103734065,0.596644640259554,0.6402545158549191,0.4595681403794015,0.2646964209690815,0.4214533042672328,0.3387428632022001,0.5230731233851863,0.3988617195775141,0.2684155863437205,0.5586103291357002,0.6342141868367356,0.32858169953571464,0.36038511427880743,0.6449559644018089,0.6775119611021914,0.1589708625084731,0.41814377739964037,0.3012747009771829,0.3686922523444742,0.5022121293896173,0.508722581615459,0.5737115790155363,0.5932125075148215,0.25911118310444464,0.5320013588528116,0.7617801840940516,0.6331809697341849,0.5905606430100223,0.5178929288171932,0.5860669050800217,0.2525997515559444,0.49416120478736364,0.17183944825858283
U340,,,,,,,,,,,,,,,,,,,,,,,,,,,,,,,,,,,,,,,,,,1.0,0.2955396834832461,0.34490920031502276,0.2737813348439234,0.20300792204293658,0.3953415655648896,0.10313675559139042,0.3113950998664051,0.23905890595068172,0.37977854840012926,0.440787625509135,0.3259052804472726,0.34545527162352324,0.4267870708353696,0.33350477583612564,0.359504037450208,0.39068925526918474,0.11096771373407037,0.40160705337146674,0.14115400520624435,0.44549407677590314,0.2919349154616533,0.2845064157150477,0.26155919647168974,0.26212742703643427,0.2089036717428299,0.15971056213558732,0.2492046335104275,0.24442839748117662,0.16706842128086435,0.28532248148789513,0.2853512373582332,0.1561226583546448,0.16730841115676579,0.32986939251218544,0.297826574452578,0.10114600473164828,0.20336821569443442,0.16911564378734367,0.24164982435904053,0.2994548735097201,0.23374197675254846,0.31277239708610055,0.2955572218983252,0.12014831350011872,0.3190457764878712,0.34342615581723607,0.28058595181047474,0.2493772367858771,0.3058460968711083,0.2574786032561227,0.1295662862886303,0.2630922918315031,0.20634045459410288
U341,,,,,,,,,,,,,,,,,,,,,,,,,,,,,,,,,,,,,,,,,,,1.0,0.5504639395229254,0.20078018929643957,0.2424765802555585,0.7003343768878294,0.1320812955149221,0.4205148882353207,0.4025861717593168,0.4498025713462444,0.3444605153909189,0.6119583922291439,0.5349612121709421,0.43763560630393594,0.622354956734114,0.43461381350767536,0.4681162714655129,0.4772012572753649,0.42350069607668644,0.1957322180416254,0.3054100209882886,0.7462040189900514,0.514133692423044,0.5790325740245849,0.25680413891622533,0.5052387174170703,0.456889475369044,0.3603540536413881,0.4819473751211668,0.7011832496465727,0.7951703432747943,0.45115779192732164,0.3016067844517722,0.49664961587764006,0.448097072218341,0.2861811157378996,0.1998832977454173,0.6377277975741577,0.3304617053257362,0.597843913221238,0.650485164957484,0.2916258796206956,0.49757016056342795,0.4967368255606902,0.1673704254570518,0.5600435976392752,0.5128300059036688,0.61032602134202,0.302966910012086,0.6450029766630654,0.456709371687231,0.23019400868373013,0.34911128218498216,0.20713319984444556
U342,,,,,,,,,,,,,,,,,,,,,,,,,,,,,,,,,,,,,,,,,,,,1.0,0.32591801680227334,0.30009059422338547,0.642543090658873,0.14354947502364124,0.5176256351261287,0.3283316317949522,0.5737747479580864,0.49934509411967315,0.5646595662624675,0.603711798884335,0.5958938150311127,0.6801903486421806,0.4592585753780764,0.6154381320308789,0.15358190290836538,0.5010234759752125,0.2484854527130889,0.4870529081264822,0.6272138428314195,0.6535425622978654,0.5577301465888248,0.4158535130555733,0.4372391232918979,0.3854592976914943,0.4363376359243121,0.38619108509015454,0.4459518542481273,0.5767018592882776,0.5223735619555057,0.25517277230582136,0.4236435045273302,0.3871605613578091,0.4311919666304474,0.18952550499832996,0.47316088762125785,0.27501210262547826,0.4263278951145303,0.5425959063298332,0.42313115725302836,0.4781875692898127,0.5200099015535383,0.20074372199033536,0.5697861227584686,0.614732892696778,0.5944519449886805,0.4541433488250982,0.6402065092462952,0.4875695143722236,0.2531935157018051,0.474926639118508,0.3208643594577105
U343,,,,,,,,,,,,,,,,,,,,,,,,,,,,,,,,,,,,,,,,,,,,,1.0,0.2594819886855541,0.34839185468836115,0.10582990082834431,0.37820513299138353,0.10419091912032115,0.4083544656246483,0.3431861723388467,0.31933695062895273,0.17531864574821476,0.45263084928122804,0.31060194102589017,0.2064968996830465,0.4093574455492859,0.1011783016630183,0.44674791728296853,0.15381163553450333,0.6677465188699339,0.2404637881042632,0.3211303423821029,0.39448937399159173,0.8978891559035106,0.25877151609861243,0.1801192396954082,0.3439755074285345,0.22093453517471495,0.10753875339428844,0.17415996324961378,0.158588290231528,0.10529637169798563,0.27118956288129925,0.14334669316475868,0.357433338790799,0.08602566720779821,0.13894956675654418,0.11854380042195659,0.17051361569328657,0.17570776946577438,0.14774974774186173,0.17893527163326198,0.35663046536735554,0.08455544334554148,0.550623854125909,0.1822849736723861,0.3052558398213623,0.1891181736276562,0.3582644921474301,0.17617585252537932,0.23267520244612921,0.46551231414849537,0.7782594952520633
U344,,,,,,,,,,,,,,,,,,,,,,,,,,,,,,,,,,,,,,,,,,,,,,1.0,0.2813374178883871,0.07300269343297802,0.23088291910074202,0.1377857974698403,0.20590594877626717,0.1910506365025913,0.2033626409747679,0.18708336244008403,0.24941648491518742,0.3606743379412495,0.13889509059910046,0.21267113069499763,0.04911708609043806,0.25725053089714833,0.08260599115351432,0.23056402328418327,0.2041998024761456,0.19325242248676494,0.19248462550130307,0.31294849402618824,0.15134387842417807,0.12133766316963328,0.1522313855044306,0.15099110169114227,0.15224396768319948,0.19890224436936715,0.15308306611778913,0.08975234856995652,0.15299813910639704,0.17607799211295172,0.16998648778382472,0.06450394177417197,0.14958844580249547,0.11351352762353349,0.16941346129649637,0.19690838329468338,0.1274765080745887,0.1754425863386785,0.1829692679154377,0.06384871018959182,0.23386309070454378,0.16924993189607623,0.19160701454618523,0.12257866518315626,0.2081390556723782,0.1453619583755238,0.09461825206317898,0.19792784080437,0.2014657783549452
U345,,,,,,,,,,,,,,,,,,,,,,,,,,,,,,,,,,,,,,,,,,,,,,,1.0,0.2819578342291116,0.5320867883801345,0.5236301949992419,0.6441959845593096,0.438600622413177,0.5720309568915768,0.5226750918128762,0.5952729548643383,0.6666314265794777,0.6248556039400528,0.5702721136225835,0.17556178210030712,0.5943462446491967,0.2583620895599435,0.49170501521663745,0.6387468000802136,0.5002432220878714,0.5443409618610674,0.4422465142950596,0.5770275223069546,0.43448608251902254,0.4367286156778299,0.4603521711093704,0.49917046977722024,0.6880207782244653,0.52752719389715,0.3489939153604484,0.4026337162520979,0.4938389814240821,0.30533333749137687,0.3259739106727638,0.5989378966462345,0.28730679813608845,0.5153250996566463,0.6477689324046578,0.31107154441588974,0.5234135692358585,0.6397268952073842,0.31926960757483275,0.7334027922666025,0.5945819640743367,0.6902592393642725,0.46959470318009106,0.7177456931711171,0.5397557668276196,0.30393382205729114,0.5498285886914558,0.35361905054833076
U346,,,,,,,,,,,,,,,,,,,,,,,,,,,,,,,,,,,,,,,,,,,,,,,,1.0,0.1499993614687052,0.1264476132376411,0.16290109427858654,0.14944747734782984,0.25471644956643974,0.10376467188587175,0.1564049858319798,0.2936542092409476,0.6182087395013698,0.20406083097978633,0.04643372128459911,0.14231591962063675,0.06988312222330705,0.11053431398363413,0.12872132022008678,0.12064371686761866,0.14049281737505934,0.10571815577160652,0.7329923204850354,0.15486070268565738,0.2918421466760362,0.28162444512024537,0.09300640590725448,0.17493305266161735,0.5120460656679736,0.6192922080133161,0.11539676095456111,0.1393956491520441,0.12844157406734238,0.9222228592066088,0.11405277284656708,0.07609940919059635,0.0998338496461778,0.3768075769728325,0.09497153112872467,0.12641997185056372,0.5182128430301113,0.9737888753452922,0.31110784435344485,0.2025600438240829,0.2358303509883129,0.7637704794207446,0.294164895089985,0.37101882361615857,0.07616877928399138,0.36832454502510015,0.07840904229445714
U347,,,,,,,,,,,,,,,,,,,,,,,,,,,,,,,,,,,,,,,,,,,,,,,,,1.0,0.2779324534172106,0.5594240368516272,0.4109977878667219,0.532131613310985,0.39162933698164,0.5449777934196599,0.5302295042478496,0.45952147182852726,0.6104911756123869,0.22044629848151606,0.5713589712128344,0.26751297560475945,0.3771441396161637,0.48646899608072997,0.6183833839990717,0.4936471927950912,0.3463225081773656,0.4046077673138137,0.353675771131422,0.5766236893031396,0.33414005686646797,0.2028099067309796,0.40183390497489335,0.6477717058239977,0.26003645001782155,0.38646401421654636,0.36572710547815634,0.34798849881049765,0.12471196258904389,0.40799537150046383,0.21927022333065527,0.32760327228535235,0.4546956700585063,0.5106484895486371,0.4794937599675907,0.4994849039929372,0.2095184003350929,0.46281208187096107,0.5368390852931806,0.4963736277911819,0.45485964415462204,0.4746646230534099,0.5100079950038923,0.24865718549879645,0.48324914845019096,0.22885215628735528
U348,,,,,,,,,,,,,,,,,,,,,,,,,,,,,,,,,,,,,,,,,,,,,,,,,,1.0,0.5499616277112701,0.45228792561327147,0.4344529309944005,0.37317151896925493,0.49492521157117664,0.3848993262139579,0.3122153843826947,0.4160547023012462,0.13510251788625022,0.6218570090292308,0.1707776418888186,0.28713320049128904,0.4084722961769634,0.3011988727976192,0.300565852014362,0.17041298363160665,0.18456869880472104,0.3088683463511858,0.2900052915307741,0.22612831186195265,0.1561067506831453,0.49955615252853913,0.2712328171473963,0.14355883247962697,0.12216064149431843,0.4732453290779403,0.25307067542164113,0.09949439826317522,0.3720449901409953,0.1606463346486146,0.23417052039538924,0.4258448931106323,0.1824155841581598,0.2699129716031697,0.4183956252161133,0.13909097618327795,0.5341835285553516,0.4335093372548212,0.4740951928693379,0.27221355227243227,0.34733250752225936,0.32432807389403123,0.19679752899766836,0.3894113553361459,0.1420207794050868
U349,,,,,,,,,,,,,,,,,,,,,,,,,,,,,,,,,,,,,,,,,,,,,,,,,,,1.0,0.7923005881416286,0.7172195901362449,0.7002645233607362,0.6510847922936474,0.6287833419068679,0.5803950306768672,0.8710430563856768,0.23416210055812028,0.6744368144706183,0.37193311207584223,0.5362982285576104,0.5910121331162828,0.6337448166240535,0.4531157095465834,0.4232146238818176,0.37589066299575,0.36471215338841867,0.5299406416778256,0.3739700020387262,0.25033667669532733,0.6037736626066563,0.5916407659513747,0.26311991783218847,0.32756374890864615,0.5309556418494712,0.7206714599056021,0.14396380241676743,0.4239374228463925,0.25791728057175317,0.30663575652856445,0.4334200488555825,0.4582460281700184,0.47146362027661715,0.6593146328584706,0.24330688098641542,0.6837570429461841,0.7843254889153244,0.7267891056942536,0.5616486524113714,0.5663484837922508,0.5639718511952564,0.31435832122593316,0.6226367769544645,0.32908792257220326
U350,,,,,,,,,,,,,,,,,,,,,,,,,,,,,,,,,,,,,,,,,,,,,,,,,,,,1.0,0.712878019502663,0.739821619442117,0.6196093660113832,0.6234021263233365,0.4936136918682953,0.8591584540525331,0.22272147670395387,0.5607382467149459,0.2674305374922952,0.557408654006955,0.5676074756481412,0.6282092081801753,0.4630230461690001,0.3623095311500458,0.2877959190181516,0.3066330680463917,0.5320135007169478,0.3817740090560824,0.26531873691384245,0.555376401035307,0.6152526346640407,0.23888596848803198,0.2624785286557124,0.555316629028339,0.897812880215123,0.1472259887942049,0.30064617393266213,0.2905611818674245,0.28541922253758256,0.3353897186496567,0.508655399339403,0.37737988419121976,0.5485421458339144,0.21392157961557,0.5298453063169977,0.754290892099555,0.5917909821514004,0.5253748873479908,0.4905479936339228,0.4833031162859501,0.2589251641437516,0.5556093849353345,0.29698759228010846
U351,,,,,,,,,,,,,,,,,,,,,,,,,,,,,,,,,,,,,,,,,,,,,,,,,,,,,1.0,0.7188579702763032,0.651373017440115,0.6899227602335396,0.607708456756438,0.7763220263765757,0.22517174619300737,0.5925080251383559,0.27455321742212524,0.4483547647975819,0.7745895839626071,0.6948923067189811,0.634774341815628,0.32169638556614305,0.5597032751931802,0.43493495410173405,0.572073697784187,0.4958850991974318,0.5365896811484094,0.6941180125939198,0.6783837974465172,0.3708727274710268,0.4954404802559274,0.5914450879512654,0.6803774229878401,0.26123232155217696,0.5567943416703811,0.3466127810000899,0.49985958471380315,0.5758658845391844,0.44426354244776056,0.5362906048259553,0.6515396882004859,0.3290934355747387,0.5882854898526578,0.7477264164768717,0.6926902279965211,0.5822377241302642,0.6145455965344193,0.604677424895158,0.26142562869231595,0.5419875820824956,0.24391809634335437
U352,,,,,,,,,,,,,,,,,,,,,,,,,,,,,,,,,,,,,,,,,,,,,,,,,,,,,,1.0,0.6433741219652802,0.7103659426046233,0.5149243298495298,0.7782495738272908,0.19361104915155278,0.5702644017928707,0.26235537779455315,0.42594723999033146,0.7428199302647999,0.7010784133097728,0.5923838103864614,0.21070699852058566,0.4134696826168608,0.4366706260327404,0.4680323687018645,0.49510072777003417,0.581216586755472,0.703422508137292,0.613399494097492,0.2873994780647505,0.4205115944207485,0.5918051216450088,0.7281479829877456,0.16095643583452024,0.4988453230467371,0.3966634493907176,0.5440562845766176,0.5427355513919724,0.5206917404956484,0.5225138230536513,0.5172912606452976,0.1720729430182264,0.4587009835904506,0.693791162920566,0.61170251122693,0.445168138552535,0.5481147292512452,0.5197160185877583,0.22066867331956339,0.41728059240468907,0.15241993069051762
U353,,,,,,,,,,,,,,,,,,,,,,,,,,,,,,,,,,,,,,,,,,,,,,,,,,,,,,,1.0,0.6486678548026156,0.47014043664296895,0.6355824108129214,0.19558165107494313,0.8313271186564585,0.2837704360491731,0.6466902777464126,0.5486761317139173,0.5785777605566071,0.5653390123384977,0.48348310400789524,0.3749174820602358,0.3096459995410203,0.5025355142072907,0.4168161610443674,0.28519340293403866,0.48035109524752506,0.5342292278964813,0.2659698806441371,0.3484700118431177,0.6419451128836351,0.4992375376591784,0.20012431384947466,0.3937853844079873,0.35336416017363104,0.46679799076896866,0.596746242638224,0.45348246779413137,0.5183232080975194,0.5086908510630669,0.19422151895291828,0.5631384607408456,0.5328300151683903,0.48500197103792847,0.4187176717558936,0.5558564311090713,0.4768615073811458,0.26683879091938617,0.5470869182811108,0.4031610676450301
U354,,,,,,,,,,,,,,,,,,,,,,,,,,,,,,,,,,,,,,,,,,,,,,,,,,,,,,,,1.0,0.5970379593049903,0.6877148645974576,0.19145987968474407,0.5516442617035747,0.2964196490574681,0.4410739607400203,0.7500222023035462,0.6148408371870068,0.6449051438089731,0.39377119842642105,0.5770315044864477,0.4456374008053633,0.5254502368618487,0.5502432187750205,0.5925052004107553,0.7032438679347087,0.7130629171657852,0.4427509833819173,0.5189976325167349,0.5243623746832492,0.5734312869237244,0.37669271670333376,0.5533224293869288,0.40353861024854054,0.5821433567213676,0.6336445516108647,0.5583104472360595,0.5577669185487208,0.5927728356287859,0.3469846403472524,0.5895104029277971,0.6518799080736764,0.654634851846513,0.5275140118779714,0.6691266182489556,0.5835251665647537,0.2628345917061223,0.565972067437436,0.2595289462489832
U355,,,,,,,,,,,,,,,,,,,,,,,,,,,,,,,,,,,,,,,,,,,,,,,,,,,,,,,,,1.0,0.6050174746336043,0.17379727136718096,0.4453613745089608,0.23676222817180154,0.3419260149275908,0.534958573367093,0.4757267119741723,0.4814692716542026,0.21546625625141444,0.7496548755517699,0.35990612184535864,0.49232718019930977,0.47437249973420176,0.3877016234106871,0.5116875781079215,0.7110948256551187,0.5272515267474774,0.34305480475196665,0.4336859124595687,0.4494743397797166,0.5867016087091901,0.41474691647134676,0.2552953607631705,0.37269270375739355,0.5520851953809522,0.34061804063420764,0.46725818067860986,0.692241735080786,0.6778949324651192,0.5272822025868406,0.6429758543849552,0.5981155151400183,0.7892994014820338,0.5615839134353607,0.6306170071105643,0.21492769774299683,0.5408624807118327,0.1532514086173139
U356,,,,,,,,,,,,,,,,,,,,,,,,,,,,,,,,,,,,,,,,,,,,,,,,,,,,,,,,,,1.0,0.25370459983287746,0.6370604409693899,0.3105921017953719,0.5566346663591676,0.7005169707473529,0.7407771236233643,0.5720655522183008,0.42175225892086704,0.45868713410930617,0.49216282415318174,0.6131995666137507,0.46455907816658293,0.38668697173335687,0.6539787933170449,0.7216746297928157,0.31830797598316996,0.4095745563360438,0.5464551834498702,0.8288326800061331,0.18256046135436985,0.46558441334021755,0.32913862460689436,0.3914901094069486,0.48046896887812823,0.5614651152234786,0.5424946251821805,0.6983348572268475,0.28934968906327174,0.6383560465241158,0.8455055523007261,0.7286234224492059,0.6197535233958755,0.6219838304458086,0.6167696233737534,0.2981028736769651,0.5899169729059529,0.3235443935491123
U357,,,,,,,,,,,,,,,,,,,,,,,,,,,,,,,,,,,,,,,,,,,,,,,,,,,,,,,,,,,1.0,0.15998771055945826,0.07455326382987928,0.1701659904527085,0.18285534201540504,0.17102414619048564,0.14760138084075655,0.08646077808282894,0.11830672667159904,0.10286222069942981,0.221314535519128,0.10524983411882757,0.07949804145240054,0.15976008786135307,0.18860112577314056,0.07371171558440416,0.09071947503130026,0.1366587211376213,0.19507235169242795,0.037390628075407065,0.1120643905727921,0.07781782308229555,0.10424083675208543,0.12559200676529345,0.19308274805547423,0.1390438276471661,0.1573070296420832,0.06445456522541503,0.14795021382639442,0.19895960868484053,0.17014548025652143,0.14410089140608762,0.13934105915275713,0.14260171373147842,0.06788151263447798,0.15045133339390568,0.05754802102583789
U358,,,,,,,,,,,,,,,,,,,,,,,,,,,,,,,,,,,,,,,,,,,,,,,,,,,,,,,,,,,,1.0,0.34667530850757855,0.6287262340440702,0.5294805923147206,0.5387270051193467,0.4683941100811335,0.4799845777761315,0.4264267285511298,0.38767561786311255,0.47900509381317286,0.39779774543761687,0.25877245343288263,0.5083953324741384,0.47500049326544863,0.26497976641548243,0.3222621232772607,0.6588185742683583,0.4578078376562832,0.13771035079438568,0.4332502372663347,0.3038262666844564,0.4300200345593206,0.5961858061550123,0.3602858439406591,0.544841163145651,0.5304792096480564,0.18859029246791673,0.6034322895125352,0.5647912778779549,0.5325207772251154,0.4322913677252344,0.5252466610071473,0.4845177006122181,0.2670747194141898,0.48898094547443194,0.37537627798439765
U359,,,,,,,,,,,,,,,,,,,,,,,,,,,,,,,,,,,,,,,,,,,,,,,,,,,,,,,,,,,,,1.0,0.22999363329013303,0.299193830904935,0.29723072918396487,0.2669437375401029,0.17841092825816765,0.2470161994462991,0.19716445921952203,0.2668581264527826,0.17132388931051604,0.13634462688724394,0.22993007918371236,0.28828171227614885,0.1413957885240201,0.21477909009183327,0.21877211900206925,0.24393210540081534,0.08748790227247497,0.19737915575629938,0.11793347153510823,0.16582141685432544,0.21184921520939567,0.23656665998133614,0.24034598335675295,0.25898392090127614,0.10288752888311004,0.2418214965205968,0.300494120141527,0.2803002556779648,0.23507195053471788,0.26824917878106225,0.2549077134514157,0.17217720002434314,0.2566309572561815,0.10566520416367306
U360,,,,,,,,,,,,,,,,,,,,,,,,,,,,,,,,,,,,,,,,,,,,,,,,,,,,,,,,,,,,,,1.0,0.41379090882775377,0.44483296330607314,0.4474171841189255,0.7466035344843275,0.3149101026380721,0.28150053894357957,0.4164319783697012,0.3138777591548013,0.22374941888972144,0.3505704898663985,0.3199863726253645,0.1609035620888683,0.2780137195135976,0.39399093483526787,0.47399832575218664,0.1305332753233661,0.2460130965214401,0.22014750436233754,0.3005011217425137,0.3387203081451243,0.3568638584131705,0.3322992376408423,0.4289603897989262,0.11622306180778319,0.5786798685869966,0.4190487668303122,0.40309320195701565,0.29145660729703166,0.5449328058217767,0.3067206328348374,0.25155524086535425,0.46695897603806097,0.6204099379886773
U361,,,,,,,,,,,,,,,,,,,,,,,,,,,,,,,,,,,,,,,,,,,,,,,,,,,,,,,,,,,,,,,1.0,0.6946012613948674,0.7696073618781372,0.2997433536952348,0.5903246455512281,0.5977802163476224,0.5182377315964912,0.5745722674942029,0.798035023747463,0.836465262641108,0.6611297020095374,0.3551293806052904,0.652435101796323,0.5454085024741181,0.5562716747606723,0.19182637725244595,0.6961403685410065,0.4198536812280508,0.6800495594558155,0.6645602648350026,0.5258897772937199,0.6496050652007119,0.6114188680821122,0.19537416852383058,0.5782464431652127,0.7124091369821542,0.7383206795262686,0.4410013647546169,0.6979081987542586,0.5910740320932667,0.26265128850755226,0.4408945533247383,0.20867839841696878
U362,,,,,,,,,,,,,,,,,,,,,,,,,,,,,,,,,,,,,,,,,,,,,,,,,,,,,,,,,,,,,,,,1.0,0.5796534003125623,0.33134657351374325,0.4643873153231815,0.43987375130115314,0.5367004616748673,0.42606839104678235,0.4778534080937406,0.6410683679256394,0.6330336627429024,0.26801063751769433,0.4638899909772561,0.4529719004755601,0.628864589320998,0.15042756600598195,0.4913691940028201,0.32112370675046703,0.4384962692632678,0.5137958644050598,0.44151456325595834,0.524053680001037,0.5677080832671166,0.21146232698963832,0.5525368486902524,0.704511197193012,0.6381351716030168,0.49766416754871323,0.5911358365320412,0.5714494547266076,0.260813900148161,0.5030512881134988,0.31992493876593564
U363,,,,,,,,,,,,,,,,,,,,,,,,,,,,,,,,,,,,,,,,,,,,,,,,,,,,,,,,,,,,,,,,,1.0,0.42216094489767975,0.5717013128741142,0.5981019324567681,0.5567737454689522,0.49966537409766326,0.6679762775129626,0.6182169368682358,0.552093263690151,0.3318360293967382,0.6057237603177535,0.4512813114755939,0.4141170673469236,0.17856431131137354,0.5520390269689862,0.3531485082976893,0.5900778222459119,0.5648143537269434,0.48809225745288953,0.5582552240770168,0.5707700911080614,0.16833207323115082,0.49956362974530877,0.515245905311775,0.5869369679093277,0.37220836836989496,0.6007094228061759,0.5096467581817834,0.24303838071840467,0.49291401819717734,0.3115211160094404
U364,,,,,,,,,,,,,,,,,,,,,,,,,,,,,,,,,,,,,,,,,,,,,,,,,,,,,,,,,,,,,,,,,,1.0,0.273265864747774,0.23925073685514575,0.33802575897054116,0.2505009703345497,0.16914248998120773,0.25239058053573127,0.16967661185813682,0.1193716036271347,0.2942146029868482,0.18819257397238395,0.33217618153853334,0.11551125425371846,0.19958729237835288,0.1417458005159583,0.21109750880665015,0.22181199646356892,0.17766929860760666,0.1880837441175164,0.3813784202285878,0.07882385610972359,0.6225662222015563,0.23279779822530067,0.35487861092473444,0.17837841124192824,0.4936167174503699,0.20014043696096212,0.25171515566333125,0.5023841890223777,0.8156925992777566
U365,,,,,,,,,,,,,,,,,,,,,,,,,,,,,,,,,,,,,,,,,,,,,,,,,,,,,,,,,,,,,,,,,,,1.0,0.4516571217459326,0.4697955554697653,0.5322579236009752,0.5894337693201512,0.5482658267771631,0.6766698106647974,0.6254787831775009,0.5808189617113629,0.376895479051624,0.2773636079282183,0.7259441516930036,0.5077844027168613,0.27583636275606876,0.4926417621688104,0.6600589401701393,0.23783270361919756,0.4769697789988882,0.6925454740830185,0.7664068190539423,0.5362441569980394,0.5165063517437833,0.5865536649902834,0.7635896302436177,0.6517242568953263,0.6278406755332236,0.2019950551289686,0.4593507780642545,0.21034689316970476
U366,,,,,,,,,,,,,,,,,,,,,,,,,,,,,,,,,,,,,,,,,,,,,,,,,,,,,,,,,,,,,,,,,,,,1.0,0.38408069760026126,0.37253416579514487,0.5032278287526629,0.5365058652284809,0.3882772555630628,0.24513902215181482,0.39495286535041463,0.3281142110271981,0.26524761984088047,0.15385209671980227,0.5978957718168213,0.23719490889462674,0.4056756040458458,0.437252161959397,0.2620183568195952,0.3806443967938778,0.48281015249144194,0.17264652300416028,0.4280137348518569,0.43872212441228875,0.4978799375042145,0.30568754807423304,0.4671579661365691,0.3936272370287342,0.17657873260491605,0.28799791246138634,0.16951917879461856
U367,,,,,,,,,,,,,,,,,,,,,,,,,,,,,,,,,,,,,,,,,,,,,,,,,,,,,,,,,,,,,,,,,,,,,1.0,0.37114170946864217,0.2813207568540313,0.42212527738177835,0.6028331340498562,0.3258839925620121,0.3627129242656025,0.39000321384644765,0.48607139193222143,0.28043017635581713,0.3361119166922305,0.23056976420692765,0.32636693495143887,0.4170830848143684,0.4621265256183927,0.41832840514636543,0.5763541070569301,0.34588943239069614,0.47157251485776486,0.5750409417270568,0.5265449087244666,0.5488439113939668,0.5525024177076814,0.5302898337768418,0.2423518416454549,0.48804991778989,0.23834107356829487
U368,,,,,,,,,,,,,,,,,,,,,,,,,,,,,,,,,,,,,,,,,,,,,,,,,,,,,,,,,,,,,,,,,,,,,,1.0,0.5799820247401977,0.6054747830202288,0.5164652165671744,0.4221076587318184,0.4709499597299109,0.48908809270201414,0.3878971850269534,0.3457050935896892,0.503687238875114,0.361085282474918,0.5501549838703879,0.5517412605458515,0.3193504963971905,0.46446482378300896,0.48097604459742443,0.31378528306006376,0.44336566239846065,0.462296557591645,0.4924862224897241,0.4079471085676258,0.5261272233859,0.755967271497069,0.18041351052146753,0.37408311217955215,0.19333603989742568
U369,,,,,,,,,,,,,,,,,,,,,,,,,,,,,,,,,,,,,,,,,,,,,,,,,,,,,,,,,,,,,,,,,,,,,,,1.0,0.7925463142048706,0.4236024748923889,0.33523154061851446,0.6074285524323374,0.4110633932694315,0.3054103210736371,0.20707514490036574,0.6895020887416313,0.40138072447610973,0.7527485002110246,0.651028355344005,0.2200243468955381,0.5193884379316493,0.42584269247113016,0.13400388319599374,0.42528306342944433,0.4646179279142634,0.5643118409980497,0.2422629538256957,0.6108715183035837,0.4598549220315702,0.18359961424208632,0.19870390567911347,0.14770441065995804
U370,,,,,,,,,,,,,,,,,,,,,,,,,,,,,,,,,,,,,,,,,,,,,,,,,,,,,,,,,,,,,,,,,,,,,,,,1.0,0.5785182457723623,0.41912711658652696,0.5607466449540974,0.6303628390244673,0.5331137370606714,0.2455010188796524,0.741837537956177,0.3996639292364801,0.6527250631981282,0.7518932543367599,0.3917610268849625,0.6010199772028425,0.618607476226563,0.22433912537683523,0.650866990339556,0.6937586271347812,0.7549239484633227,0.42912474156259833,0.6877248506227372,0.5577503635285833,0.2614213397620931,0.4055834019629451,0.20191709570600228
U371,,,,,,,,,,,,,,,,,,,,,,,,,,,,,,,,,,,,,,,,,,,,,,,,,,,,,,,,,,,,,,,,,,,,,,,,,1.0,0.5585165117977368,0.46083983335913176,0.48371318191645185,0.5856096169388237,0.5270208624716396,0.4815235553934223,0.310536019754859,0.4393887228755403,0.5849261135226863,0.6211449195668679,0.5251313789219672,0.6801865519727606,0.5915078961746184,0.464022442510008,0.7028955046668008,0.6161156087954991,0.7519911818401983,0.5976738628872551,0.6814668838835687,0.23014681580328206,0.5998297638320503,0.07498385534773983
U372,,,,,,,,,,,,,,,,,,,,,,,,,,,,,,,,,,,,,,,,,,,,,,,,,,,,,,,,,,,,,,,,,,,,,,,,,,1.0,0.3115306071214029,0.3426501070376127,0.25791851497954627,0.6512212685245334,0.3334924359105688,0.19027725546101407,0.29624245041840996,0.4559123679111334,0.2607687284752433,0.5387137562930273,0.4661418566720839,0.6276280832629858,0.3192607279681372,0.3373387882510893,0.3596407599462659,0.5749567984054352,0.38046281389473696,0.40633948016168703,0.11497727042611093,0.3335730400391677,0.06642055889809925
U373,,,,,,,,,,,,,,,,,,,,,,,,,,,,,,,,,,,,,,,,,,,,,,,,,,,,,,,,,,,,,,,,,,,,,,,,,,,1.0,0.4327345890932108,0.2679521723588054,0.1769289485949912,0.52688738580439,0.30703164348017226,0.5148146636739704,0.489658824708063,0.4719392397101201,0.4749139069156598,0.4117958528121703,0.14150739390836084,0.3883174941083885,0.42572884107894315,0.5365709342532899,0.2639111156061347,0.5121827381543317,0.4173206016544688,0.15849405527261462,0.21000783213551052,0.187681282833861
U374,,,,,,,,,,,,,,,,,,,,,,,,,,,,,,,,,,,,,,,,,,,,,,,,,,,,,,,,,,,,,,,,,,,,,,,,,,,,1.0,0.4780153452215974,0.22464410065819548,0.5386459364150413,0.33624944072930385,0.4949108069802768,0.6184601269674316,0.3395919360998159,0.5285021104160611,0.5278437540246042,0.19196474754553786,0.480083093827008,0.5697062770180437,0.5539052810526554,0.3963017291683622,0.46149705288360654,0.4680858190502811,0.20256843052330434,0.2977553544419407,0.12949361156073372
U375,,,,,,,,,,,,,,,,,,,,,,,,,,,,,,,,,,,,,,,,,,,,,,,,,,,,,,,,,,,,,,,,,,,,,,,,,,,,,1.0,0.12009000014197227,0.25840116240813843,0.2950035375614866,0.2785820344604672,0.26035615392788164,0.5241744997875819,0.34904242986622025,0.47580438804185277,0.18366844882665082,0.4174642104872411,0.7006919557162157,0.5276181870173695,0.5005709294343758,0.40222863933008685,0.4316096852261105,0.2147191071168729,0.4887552421419292,0.25777549258360327
U376,,,,,,,,,,,,,,,,,,,,,,,,,,,,,,,,,,,,,,,,,,,,,,,,,,,,,,,,,,,,,,,,,,,,,,,,,,,,,,1.0,0.20556703311984517,0.1918577916443932,0.23202261206333538,0.4314313321389148,0.11886378859651074,0.17228332714405034,0.5347042858162568,0.9095647392365545,0.3244418000046492,0.20111887042753862,0.26218610867098735,0.6960248702331255,0.3711549362546484,0.38397049751178153,0.08635980256714786,0.36260110892449954,0.08378303122981244
U377,,,,,,,,,,,,,,,,,,,,,,,,,,,,,,,,,,,,,,,,,,,,,,,,,,,,,,,,,,,,,,,,,,,,,,,,,,,,,,,1.0,0.304028323262783,0.5508617679872315,0.618240897684198,0.23512852042736607,0.49571343230774323,0.5358058347118096,0.18242558903793143,0.5548785479021591,0.5752836923943128,0.642258562434657,0.35165452198018216,0.6225780115261085,0.5160020084122453,0.23228803735575454,0.3817445322947642,0.15715837845767736
U378,,,,,,,,,,,,,,,,,,,,,,,,,,,,,,,,,,,,,,,,,,,,,,,,,,,,,,,,,,,,,,,,,,,,,,,,,,,,,,,,1.0,0.7379342059745206,0.45263145225443546,0.3151114800844447,0.3930933487582904,0.24304163843957302,0.09686427860458165,0.2361549667248644,0.29327359481111337,0.3037886346427048,0.19381302667801256,0.3033099198857202,0.26605274497970083,0.10140132119840663,0.17532080564111852,0.09481959857250388
U379,,,,,,,,,,,,,,,,,,,,,,,,,,,,,,,,,,,,,,,,,,,,,,,,,,,,,,,,,,,,,,,,,,,,,,,,,,,,,,,,,1.0,0.713477536925153,0.36103750851891725,0.5848588730650287,0.38753821961411655,0.1300030533497907,0.38992204988731016,0.3993423212425999,0.47171441414777987,0.23538741106644828,0.5256116999706049,0.4161992974631591,0.1615442629570281,0.22865463506883527,0.15173149822168047
U380,,,,,,,,,,,,,,,,,,,,,,,,,,,,,,,,,,,,,,,,,,,,,,,,,,,,,,,,,,,,,,,,,,,,,,,,,,,,,,,,,,1.0,0.3321771994504729,0.6523489760539801,0.6040165636293674,0.4132345142325397,0.5517952020383314,0.5158853103075204,0.5808995776232548,0.49696023348579205,0.6066768605100858,0.5560732744137908,0.20946095056734593,0.37294146344949547,0.1597187246632938
U381,,,,,,,,,,,,,,,,,,,,,,,,,,,,,,,,,,,,,,,,,,,,,,,,,,,,,,,,,,,,,,,,,,,,,,,,,,,,,,,,,,,1.0,0.4383693641100957,0.262424787681063,0.11081641755939509,0.18803452811256852,0.40104039338744313,0.3294778845046771,0.29391948274426405,0.27562035538680263,0.30481198946783367,0.12259631236113319,0.3450081601676314,0.0269953281660866
U382,,,,,,,,,,,,,,,,,,,,,,,,,,,,,,,,,,,,,,,,,,,,,,,,,,,,,,,,,,,,,,,,,,,,,,,,,,,,,,,,,,,,1.0,0.4698742490305519,0.19492296937693027,0.4028500131982182,0.5630903834301145,0.5460487809067122,0.39705639942757637,0.507252416135477,0.49194199989011334,0.18780059956778958,0.3036550662626593,0.10117885437725523
U384,,,,,,,,,,,,,,,,,,,,,,,,,,,,,,,,,,,,,,,,,,,,,,,,,,,,,,,,,,,,,,,,,,,,,,,,,,,,,,,,,,,,,1.0,0.5956303895730282,0.7692744710958165,0.7622793678234304,0.7906385382080281,0.7822120791927227,0.7494043155739533,0.7357232187879735,0.3082942166920008,0.5999082283951911,0.31910511394627944
U386,,,,,,,,,,,,,,,,,,,,,,,,,,,,,,,,,,,,,,,,,,,,,,,,,,,,,,,,,,,,,,,,,,,,,,,,,,,,,,,,,,,,,,1.0,0.36214946162956474,0.33996109408484565,0.331906926606303,0.8453704102370421,0.3707140537190379,0.4775287457785224,0.11121535669028058,0.4176281041538267,0.056098345916620544
U387,,,,,,,,,,,,,,,,,,,,,,,,,,,,,,,,,,,,,,,,,,,,,,,,,,,,,,,,,,,,,,,,,,,,,,,,,,,,,,,,,,,,,,,1.0,0.6638892395446115,0.7700536298766425,0.5495879847745809,0.7635296578611602,0.5898248326378623,0.3706598230084281,0.6337561578086003,0.6405650867933397
U388,,,,,,,,,,,,,,,,,,,,,,,,,,,,,,,,,,,,,,,,,,,,,,,,,,,,,,,,,,,,,,,,,,,,,,,,,,,,,,,,,,,,,,,,1.0,0.8108254831429428,0.7113452146015514,0.7185015797126936,0.7532930251521417,0.3146979515355866,0.5529607136830539,0.17405644367131295
U389,,,,,,,,,,,,,,,,,,,,,,,,,,,,,,,,,,,,,,,,,,,,,,,,,,,,,,,,,,,,,,,,,,,,,,,,,,,,,,,,,,,,,,,,,1.0,0.60991091072534,0.7671541232093397,0.680336941740081,0.3242385319195239,0.5276594956800894,0.28951877994736325
U391,,,,,,,,,,,,,,,,,,,,,,,,,,,,,,,,,,,,,,,,,,,,,,,,,,,,,,,,,,,,,,,,,,,,,,,,,,,,,,,,,,,,,,,,,,1.0,0.5864837704144633,0.7084183870419126,0.22969661175150322,0.5885038158286687,0.13226612091382217
U392,,,,,,,,,,,,,,,,,,,,,,,,,,,,,,,,,,,,,,,,,,,,,,,,,,,,,,,,,,,,,,,,,,,,,,,,,,,,,,,,,,,,,,,,,,,1.0,0.6681747788082205,0.33213665870086034,0.5681183441757783,0.4091541204274928
U394,,,,,,,,,,,,,,,,,,,,,,,,,,,,,,,,,,,,,,,,,,,,,,,,,,,,,,,,,,,,,,,,,,,,,,,,,,,,,,,,,,,,,,,,,,,,1.0,0.26815931937812415,0.576225340489686,0.1644623036504585
U395,,,,,,,,,,,,,,,,,,,,,,,,,,,,,,,,,,,,,,,,,,,,,,,,,,,,,,,,,,,,,,,,,,,,,,,,,,,,,,,,,,,,,,,,,,,,,1.0,0.3247876146827862,0.30349473321875076
U397,,,,,,,,,,,,,,,,,,,,,,,,,,,,,,,,,,,,,,,,,,,,,,,,,,,,,,,,,,,,,,,,,,,,,,,,,,,,,,,,,,,,,,,,,,,,,,1.0,0.49004209261445053
U398,,,,,,,,,,,,,,,,,,,,,,,,,,,,,,,,,,,,,,,,,,,,,,,,,,,,,,,,,,,,,,,,,,,,,,,,,,,,,,,,,,,,,,,,,,,,,,,1.0
